['X-Achse', 'Im Bereich', 'Y-Achse', 'Taste 1', 'Z-Achse', 'Radierer', 'Umkehrung', 'Gesch³tzrohrschalter', 'Tippschalter', 'Druckempfindliche Spitze', 'Achse 7', 'Gesch³tzrohrdruck', 'X-Neigung', 'Y-Neigung', 'Flugh÷he', 'Azimut', 'Drehen']
host_timestamp,x,y,z,in_range,touch,pressure,reset
45404649771600,-154.0,756.0,0,0,0,0,0
45404663545100,-154.0,756.0,0,0,0,0,0
45404680888300,-154.0,756.0,0,0,0,0,0
45404701255500,-154.0,756.0,0,0,0,0,0
45404717798800,-154.0,756.0,0,0,0,0,0
45404733715000,-154.0,756.0,0,0,0,0,0
45404751588300,-154.0,756.0,0,0,0,0,0
45404767809100,-154.0,756.0,0,0,0,0,0
45404784713100,-154.0,756.0,0,0,0,0,0
45404799149700,-154.0,756.0,0,0,0,0,0
45404817632000,-154.0,756.0,0,0,0,0,0
45404833361000,-154.0,756.0,0,0,0,0,0
45404851354400,-154.0,756.0,0,0,0,0,0
45404866179500,-154.0,756.0,0,0,0,0,0
45404876194300,-154.0,756.0,0,0,0,0,0
45404886195100,-154.0,756.0,0,0,0,0,0
45404899653100,-154.0,756.0,0,0,0,0,0
45404910292200,-154.0,756.0,0,0,0,0,0
45404929820500,-154.0,756.0,0,0,0,0,0
45404946505000,-154.0,756.0,0,0,0,0,0
45404965459200,-154.0,756.0,0,0,0,0,0
45404980977700,-154.0,756.0,0,0,0,0,0
45404996994600,-154.0,756.0,0,0,0,0,0
45405013554100,-154.0,756.0,0,0,0,0,0
45405031352600,-154.0,756.0,0,0,0,0,0
45405049633200,-154.0,756.0,0,0,0,0,0
45405069582100,-154.0,756.0,0,0,0,0,0
45405082875100,-154.0,756.0,0,0,0,0,0
45405100545900,-154.0,756.0,0,0,0,0,0
45405116570200,-154.0,756.0,0,0,0,0,0
45405132169100,-154.0,756.0,0,0,0,0,0
45405146049200,-154.0,756.0,0,0,0,0,0
45405162636700,-154.0,756.0,0,0,0,0,0
45405180892500,-154.0,756.0,0,0,0,0,0
45405198142000,-154.0,756.0,0,0,0,0,0
45405215058800,-154.0,756.0,0,0,0,0,0
45405231447800,-154.0,756.0,0,0,0,0,0
45405247955900,-154.0,756.0,0,0,0,0,0
45405264888900,-154.0,756.0,0,0,0,0,0
45405280081000,-154.0,756.0,0,0,0,0,0
45405298030600,-154.0,756.0,0,0,0,0,0
45405314519400,-154.0,756.0,0,0,0,0,0
45405331730100,-154.0,756.0,0,0,0,0,0
45405347805600,-154.0,756.0,0,0,0,0,0
45405364360400,-154.0,756.0,0,0,0,0,0
45405381572800,-154.0,756.0,0,0,0,0,0
45405398121200,-154.0,756.0,0,0,0,0,0
45405413743500,-154.0,756.0,0,0,0,0,0
45405433358500,-154.0,756.0,0,0,0,0,0
45405448833300,-154.0,756.0,0,0,0,0,0
45405464847100,-154.0,756.0,0,0,0,0,0
45405481733900,-154.0,756.0,0,0,0,0,0
45405497650300,-154.0,756.0,0,0,0,0,0
45405515109100,-154.0,756.0,0,0,0,0,0
45405531326200,-154.0,756.0,0,0,0,0,0
45405548123300,-154.0,756.0,0,0,0,0,0
45405564978600,-154.0,756.0,0,0,0,0,0
45405579457500,-154.0,756.0,0,0,0,0,0
45405595787600,-154.0,756.0,0,0,0,0,0
45405614466100,-154.0,756.0,0,0,0,0,0
45405630858400,-154.0,756.0,0,0,0,0,0
45405647758700,-154.0,756.0,0,0,0,0,0
45405663794600,41.41313801785304,110.28702220187688,0,1,0,0,0
45405684876600,42.40924696726938,104.79377431906619,0,1,0,0,0
45405703176300,43.22957198443578,99.70336461432817,0,1,0,0,0
45405713733100,44.635843442435316,94.02700846875712,0,1,0,0,0
45405723761100,47.682764934767675,87.10551613641564,0,1,0,0,0
45405733766600,48.91325246051727,85.05470359349965,0,1,0,0,0
45405745808700,50.08514534218355,82.89402609292745,0,1,0,0,0
45405756015600,52.42893110551614,79.45159075303275,0,1,0,0,0
45405766017300,53.776607919432365,77.95010299839782,0,1,0,0,0
45405780154900,55.00709544518196,76.59510185397119,0,1,0,0,0
45405790166800,57.526665140764464,74.47104600595105,0,1,0,0,0
45405800163500,60.10482948043031,72.2371252002747,0,1,0,0,0
45405814496900,61.452506294346534,71.17509727626464,0,1,0,0,0
45405830205300,64.38223849851224,69.307392996109,0,1,0,0,0
45405834515000,65.9056992446784,68.61158159761965,0,1,0,0,0
45405849365100,67.48775463492791,68.06225680933858,0,1,0,0,0
45405865188000,70.24170290684367,67.07347219043265,0,1,0,0,0
45405880197100,72.64408331425955,64.94941634241252,0,1,0,0,0
45405890860200,72.81986724650949,63.33806363012138,0,1,0,0,0
45405900848300,72.52689402609292,62.71549553673617,0,1,0,0,0
45405915560100,72.17532616159303,62.092927443350845,0,1,0,0,0
45405932077300,71.5893797207599,61.39711604486149,0,1,0,0,0
45405946929400,71.06202792401007,61.214007782101135,0,1,0,0,0
45405957219000,70.94483863584344,61.32387273975735,0,1,0,0,0
45405967222600,70.94483863584344,61.14076447699699,0,1,0,0,0
45405981945000,71.06202792401007,60.84779125658042,0,1,0,0,0
45405992287300,71.06202792401007,60.15197985809107,0,1,0,0,0
45406002276200,71.06202792401007,59.63927672236207,0,1,0,0,0
45406033458800,71.23781185626001,59.45616845960171,0,1,0,0,0
45406049707400,71.23781185626001,59.45616845960171,0,1,0,0,0
45406066199400,71.82375829709315,58.72373540856029,0,1,0,0,0
45406084191700,71.99954222934309,58.21103227283129,0,1,0,0,0
45406101241800,71.99954222934309,58.21103227283129,0,1,0,0,0
45406115720600,71.99954222934309,58.21103227283129,0,1,0,0,0
45406133241400,72.99565117875943,57.771572442206434,0,1,0,0,0
45406149229600,73.23002975509269,57.14900434882122,0,1,0,0,0
45406165948300,73.6987869077592,55.77569237811849,0,1,0,0,0
45406182054000,73.99176012817577,55.262989242389494,0,1,0,0,0
45406200349200,74.22613870450903,55.15312428473328,0,1,0,0,0
45406214950900,74.69489585717554,55.40947585259778,0,1,0,0,0
45406233009300,74.75349050125888,55.40947585259778,0,1,0,0,0
45406249946600,74.87067978942551,55.262989242389494,0,1,0,0,0
45406265994800,74.92927443350882,55.07988097962914,0,1,0,0,0
45406282816200,75.04646372167545,54.970016021972924,0,1,0,0,0
45406299663500,75.10505836575877,54.09109636072321,0,1,0,0,0
45406315835200,75.04646372167545,53.10231174181729,0,1,0,0,0
45406332797800,75.10505836575877,52.150148775463435,0,1,0,0,0
45406347863700,75.28084229800871,51.67406729228651,0,1,0,0,0
45406364115800,75.74959945067522,51.600823987182366,0,1,0,0,0
45406382139700,75.80819409475853,51.527580682078224,0,1,0,0,0
45406399503900,75.74959945067522,51.527580682078224,0,1,0,0,0
45406416075900,75.80819409475853,51.527580682078224,0,1,0,0,0
45406432935800,75.98397802700848,51.600823987182366,0,1,0,0,0
45406448553400,75.98397802700848,51.34447241931787,0,1,0,0,0
45406465736300,75.92538338292516,51.0514991989013,0,1,0,0,0
45406482453100,75.92538338292516,50.90501258869301,0,1,0,0,0
45406499561000,75.80819409475853,50.5387960631723,0,1,0,0,0
45406516891000,75.74959945067522,49.65987640192259,0,1,0,0,0
45406532713200,75.74959945067522,49.037308308537376,0,1,0,0,0
45406550651800,75.98397802700848,48.59784847791252,0,1,0,0,0
45406566338200,76.56992446784162,48.121766994735594,0,1,0,0,0
45406582067000,77.50743877317464,47.3527122911421,0,1,0,0,0
45406599654400,78.1519798580911,46.80338750286103,0,1,0,0,0
45406615685600,78.5621423666743,46.730144197756886,0,1,0,0,0
45406631631200,78.97230487525749,46.986495765621385,0,1,0,2400,0
45406646334300,79.67544060425726,48.121766994735594,0,1,1,5120,0
45406663062400,79.67544060425726,48.121766994735594,0,1,1,5120,0
45406667104600,81.31609063859005,50.099336232547444,0,1,1,8096,0
45406681524500,82.31219958800642,50.978255893797154,0,1,1,8928,0
45406697268200,85.35912108033875,54.34744792858771,0,1,1,11424,0
45406701923200,86.4138246738384,55.77569237811849,0,1,1,12256,0
45406714733600,87.40993362325474,57.29549095902951,0,1,1,12448,0
45406724764800,89.34355687800411,60.77454795147628,0,1,1,12736,0
45406734751100,90.39826047150376,62.64225223163203,0,1,1,12800,0
45406747931200,91.3943694209201,64.76630807965216,0,1,1,12832,0
45406757937200,93.44518196383609,69.38063630121314,0,1,1,12896,0
45406767938000,95.49599450675214,74.65415426871141,0,1,1,12864,0
45406781621200,96.5506981002518,77.76699473563747,0,1,1,12864,0
45406791700100,98.6601052872511,84.68848706797894,0,1,1,12704,0
45406815697700,98.6601052872511,84.68848706797894,0,1,1,12704,0
45406833837400,98.6601052872511,84.68848706797894,0,1,1,12704,0
45406851009300,98.6601052872511,84.68848706797894,0,1,1,12704,0
45406866695100,98.6601052872511,84.68848706797894,0,1,1,12704,0
45406882716600,106.04303044174867,110.98283360036623,0,1,1,12192,0
45406899278800,107.09773403524832,114.38864728770886,0,1,1,12512,0
45406917538300,108.44541084916455,118.56351567864499,0,1,1,13536,0
45406933031700,108.91416800183111,120.32135500114441,0,1,1,14976,0
45406948631300,109.08995193408106,121.12703135728998,0,1,1,16192,0
45406964719900,109.08995193408106,121.2368963149462,0,1,1,16447,0
45406982270000,109.14854657816437,121.12703135728998,0,1,1,16895,0
45406999643500,109.08995193408106,120.94392309452962,0,1,1,17215,0
45407016384000,108.97276264591443,120.76081483176927,0,1,1,17503,0
45407033783300,108.91416800183111,119.99176012817577,0,1,1,17695,0
45407049840400,108.62119478141454,118.19729915312428,0,1,1,17791,0
45407067919700,108.03524834058135,113.8393224994278,0,1,1,17823,0
45407083177000,107.8594644083314,110.10391393911652,0,1,1,17855,0
45407099550000,107.56649118791483,105.74593728542004,0,1,1,17887,0
45407116939400,107.21492332341495,97.32295719844353,0,1,1,17919,0
45407134104500,106.92195010299838,90.29159990844585,0,1,1,17983,0
45407151059300,106.39459830624855,82.89402609292745,0,1,1,18015,0
45407166615800,105.63286793316547,75.53307392996112,0,1,1,18047,0
45407182670200,104.69535362783245,67.98901350423444,0,1,1,18047,0
45407199790500,103.75783932249942,60.408331425955566,0,1,1,18079,0
45407216354500,102.76173037308308,49.293659876401875,0,1,1,17823,0
45407233203100,102.4101625085832,42.18905928130005,0,1,1,17503,0
45407249810300,101.94140535591669,35.41405355916686,0,1,1,17247,0
45407266354200,101.41405355916686,26.00228885328454,0,1,1,17023,0
45407282010200,101.1796749828336,19.410391393911596,0,1,1,16895,0
45407301312800,100.82810711833372,12.598764019226337,0,1,1,16767,0
45407316559500,100.47653925383383,5.640650034332793,0,1,1,16288,0
45407332873500,100.12497138933395,-1.2075989929045363,0,1,1,12800,0
45407350023900,99.4804303044175,-11.498283360036567,0,1,1,12896,0
45407366521300,98.95307850766767,-18.09018081940951,0,1,1,12960,0
45407381603600,98.13275349050127,-24.498970016021985,0,1,1,12960,0
45407400084300,97.4296177615015,-30.61478599221789,0,1,1,13024,0
45407416379400,96.43350881208517,-38.96452277409014,0,1,1,12992,0
45407434764800,95.90615701533534,-44.31128404669255,0,1,1,13056,0
45407451370100,95.3202105745022,-49.9876401922636,0,1,1,13280,0
45407466147200,94.79285877775237,-56.03021286335547,0,1,1,13568,0
45407483043000,94.32410162508586,-61.56008239871824,0,1,1,13568,0
45407500207600,93.85534447241935,-67.67589837491414,0,1,1,13600,0
45407518174800,93.62096589608609,-70.09292744335085,0,1,1,13600,0
45407532121100,93.44518196383609,-71.22819867246506,0,1,1,13376,0
45407549692900,93.32799267566946,-70.7887388418402,0,1,1,13376,0
45407566850700,92.97642481116958,-65.99130235751886,0,1,1,14144,0
45407584223900,92.91783016708627,-59.14305333028153,0,1,1,14304,0
45407599947700,93.15220874341952,-50.09750514991981,0,1,1,14304,0
45407616213900,93.6795605401694,-40.02655069810021,0,1,1,14272,0
45407632856000,95.02723735408563,-23.400320439459847,0,1,1,14144,0
45407649870300,96.02334630350197,-11.168688487067925,0,1,1,14112,0
45407668259300,97.19523918516825,1.2826733806363109,0,1,1,14016,0
45407683169600,98.60151064316779,13.734035248340547,0,1,1,13728,0
45407700325100,100.18356603341726,25.12336919203483,0,1,1,13504,0
45407716301200,102.4101625085832,38.81986724650949,0,1,1,13600,0
45407734358000,103.81643396658274,46.730144197756886,0,1,1,13696,0
45407750508100,105.45708400091553,54.78690775921257,0,1,1,13888,0
45407766971200,107.21492332341495,62.89860379949653,0,1,1,14272,0
45407782458300,110.26184481574734,73.11604486152441,0,1,1,14976,0
45407800057900,112.25406271458002,78.64591439688718,0,1,1,15136,0
45407816224500,114.30487525749601,83.88281071183337,0,1,1,15424,0
45407833671200,116.53147173266194,88.86335545891507,0,1,1,15584,0
45407850311600,118.75806820782788,92.96498054474705,0,1,1,15648,0
45407866804700,121.8049897001602,97.39620050354767,0,1,1,15776,0
45407883471400,123.56282902265968,99.33714808880745,0,1,1,15936,0
45407900119900,124.96910048065922,100.58228427557799,0,1,1,15936,0
45407916520900,126.1409933623255,101.31471732661942,0,1,1,16096,0
45407933471500,128.71915770199132,102.44998855573363,0,1,1,16863,0
45407950211900,130.82856488899063,103.2556649118792,0,1,1,17023,0
45407968702600,133.05516136415656,103.43877317463955,0,1,1,17311,0
45407983292500,135.2817578393225,103.18242160677505,0,1,1,17439,0
45407999537100,137.801327534905,102.55985351338984,0,1,1,17567,0
45408017260700,141.49279011215384,100.76539253833835,0,1,1,17855,0
45408034728000,143.66079194323646,99.00755321583881,0,1,1,17983,0
45408050525500,145.59441519798582,96.5905241474021,0,1,1,18207,0
45408066629100,148.17257953765164,91.79308766308077,0,1,1,18463,0
45408083574500,149.6374456397345,88.0576791027695,0,1,1,18655,0
45408100198800,150.5163653009842,84.06591897459373,0,1,1,18879,0
45408117993900,150.69214923323415,80.07415884641796,0,1,1,18975,0
45408133123700,149.81322957198444,74.65415426871141,0,1,1,19231,0
45408149982000,148.34836346990159,71.61455710688949,0,1,1,19519,0
45408165386700,146.23895628290228,69.307392996109,0,1,1,20895,0
45408183475000,143.54360265506983,67.69604028381787,0,1,1,22239,0
45408200321800,138.73884184023808,66.45090409704744,0,1,1,23231,0
45408216418300,135.750514991989,66.1213092240788,0,1,1,23423,0
45408233399200,133.34813458457313,66.1213092240788,0,1,1,23807,0
45408251417500,131.82467383840697,66.3776607919433,0,1,1,23967,0
45408267840200,130.82856488899063,67.07347219043265,0,1,1,23999,0
45408283816100,129.8910505836576,69.0510414282445,0,1,1,23903,0
45408299476200,129.36369878690778,70.47928587777528,0,1,1,23903,0
45408315427600,128.89494163424126,71.61455710688949,0,1,1,23999,0
45408333826200,128.42618448157475,72.34699015793092,0,1,1,24127,0
45408349889300,128.1918059052415,72.67658503089956,0,1,1,24127,0
45408364700700,128.1918059052415,72.67658503089956,0,1,1,23839,0
45408375348700,128.1918059052415,72.67658503089956,0,1,1,23263,0
45408385338100,128.2504005493248,72.4934767681392,0,1,1,23039,0
45408400206300,128.42618448157475,72.34699015793092,0,1,1,23007,0
45408415572200,129.4222934309911,70.91874570840014,0,1,1,22975,0
45408425661500,130.65278095674068,69.23414969100486,0,1,1,22911,0
45408435658100,131.5902952620737,68.24536507209893,0,1,1,22911,0
45408449253000,132.70359349965668,67.07347219043265,0,1,1,22847,0
45408459257600,135.63332570382238,64.69306477454802,0,1,1,22815,0
45408469259600,139.50057221332116,62.092927443350845,0,1,1,22783,0
45408484196100,139.50057221332116,62.092927443350845,0,1,1,22783,0
45408500845300,145.9459830624857,59.089951934081,0,1,1,22847,0
45408516331100,150.8679331654841,58.02792401007093,0,1,1,22815,0
45408526346300,155.55550469214927,57.84481574731058,0,1,1,22687,0
45408536448100,159.18837262531474,58.650492103456145,0,1,1,22303,0
45408548544000,160.53604943923096,59.45616845960171,0,1,1,22303,0
45408558586500,161.5321583886473,60.59143968871592,0,1,1,22303,0
45408568573000,162.52826733806364,63.4479285877776,0,1,1,22431,0
45408582854700,162.70405127031358,65.13252460517288,0,1,1,22495,0
45408592856100,162.23529411764707,68.68482490272379,0,1,1,22559,0
45408603192500,161.8837262531472,70.36942092011907,0,1,1,22591,0
45408616476300,161.5321583886473,71.9807736324102,0,1,1,22591,0
45408626520900,160.6532387273976,76.22888532845047,0,1,1,22495,0
45408636521200,160.53604943923096,77.76699473563747,0,1,1,22431,0
45408650309200,160.6532387273976,79.45159075303275,0,1,1,22271,0
45408660310600,161.0634012359808,83.00389105058366,0,1,1,22047,0
45408670412000,162.05951018539713,86.62943465323872,0,1,1,21695,0
45408682669500,162.05951018539713,86.62943465323872,0,1,1,21695,0
45408693790900,164.16891737239644,91.90295262073698,0,1,1,21439,0
45408703799700,164.8720531013962,93.47768368047605,0,1,1,21407,0
45408715334000,165.6923781185626,94.90592813000683,0,1,1,21375,0
45408725334700,167.27443350881208,97.57930876630803,0,1,1,21343,0
45408735696200,168.2119478141451,98.8976882581826,0,1,1,21311,0
45408750016400,168.97367818722824,100.06958113984899,0,1,1,21311,0
45408760026200,170.79011215381098,102.12039368276498,0,1,1,21279,0
45408770021800,172.72373540856034,103.6218814373999,0,1,1,21023,0
45408781856900,173.71984435797668,104.17120622568098,0,1,1,20799,0
45408791860200,175.18471046005953,104.50080109864962,0,1,1,20607,0
45408801858900,175.77065690089267,104.42755779354547,0,1,1,20607,0
45408811868300,176.2980086976425,104.31769283588926,0,1,1,20543,0
45408832547000,176.2980086976425,104.31769283588926,0,1,1,20543,0
45408852685700,176.2980086976425,104.31769283588926,0,1,1,20543,0
45408868685600,176.2980086976425,104.31769283588926,0,1,1,20543,0
45408884211100,179.28633554589152,101.05836575875492,0,1,1,19807,0
45408902090100,179.75509269855803,98.45822842755774,0,1,1,19871,0
45408918129400,180.34103913939117,94.28336003662162,0,1,1,19967,0
45408934693200,180.80979629205768,91.71984435797663,0,1,1,20191,0
45408950801100,180.98558022430763,89.04646372167542,0,1,1,20671,0
45408967538900,180.9269855802243,86.0068665598535,0,1,1,21055,0
45408984605300,180.80979629205768,82.63767452506295,0,1,1,21471,0
45408999966500,180.9269855802243,79.26848249027239,0,1,1,21567,0
45409017963200,181.3371480888075,74.83726253147177,0,1,1,21663,0
45409034699400,181.98168917372396,71.87090867475399,0,1,1,21695,0
45409050363500,182.86060883497368,68.61158159761965,0,1,1,21759,0
45409066743300,184.09109636072333,64.43671320668352,0,1,1,21727,0
45409084552700,184.73563744563978,62.825360494392385,0,1,1,21759,0
45409100074100,184.91142137788972,62.276035706111315,0,1,1,21791,0
45409117938500,184.91142137788972,62.20279240100706,0,1,1,22431,0
45409134105900,184.4426642252232,63.52117189288174,0,1,1,22751,0
45409152666400,183.68093385214013,66.1213092240788,0,1,1,22719,0
45409168725200,182.74341954680705,69.74685282673386,0,1,1,22719,0
45409184049600,182.04028381780728,73.59212634470134,0,1,1,22719,0
45409201617300,181.2785534447242,79.70794232089725,0,1,1,22463,0
45409217104500,180.9269855802243,84.68848706797894,0,1,1,22239,0
45409234753400,180.98558022430763,89.85214007782099,0,1,1,22079,0
45409251264900,181.45433737697414,94.39322499427783,0,1,1,22047,0
45409267536300,181.98168917372396,97.94552529182874,0,1,1,22015,0
45409284411400,183.03639276722362,102.19363698786913,0,1,1,21887,0
45409302907600,183.73952849622344,104.50080109864962,0,1,1,21855,0
45409318020800,184.3840695811399,106.1853971160449,0,1,1,21855,0
45409334510900,185.14579995422298,107.43053330281532,0,1,1,21727,0
45409349557800,185.84893568322275,107.86999313344018,0,1,1,21503,0
45409367017200,186.4934767681392,108.16296635385675,0,1,1,21375,0
45409385425300,187.19661249713897,108.05310139620053,0,1,1,21311,0
45409400870200,188.72007324330514,107.61364156557568,0,1,1,21279,0
45409416605800,189.4232089723049,107.10093842984668,0,1,1,21279,0
45409433718400,190.6536964980545,106.29526207370111,0,1,1,21311,0
45409452221400,192.17715724422067,105.23323414969104,0,1,1,21343,0
45409468732700,194.16937514305334,104.24444953078512,0,1,1,21471,0
45409484451800,197.274891279469,102.81620508125434,0,1,1,21663,0
45409501105100,199.0327306019684,102.01052872510877,0,1,1,21631,0
45409517867500,200.43900205996795,101.31471732661942,0,1,1,21631,0
45409534406700,201.78667887388417,100.87525749599456,0,1,1,21663,0
45409550737400,203.66170748455022,100.14282444495313,0,1,1,21631,0
45409567500200,204.8336003662165,99.95971618219278,0,1,1,21695,0
45409584850400,206.23987182421604,100.32593270771349,0,1,1,21919,0
45409602372200,208.1734950789654,101.49782558937977,0,1,1,21983,0
45409618748000,210.51728084229796,102.9993133440147,0,1,1,21983,0
45409634605200,213.62279697871367,104.86701762417033,0,1,1,21983,0
45409650849500,215.3806363012131,105.74593728542004,0,1,1,21983,0
45409668072800,216.96269169146257,106.62485694666975,0,1,1,22047,0
45409683698100,218.13458457312885,107.43053330281532,0,1,1,22239,0
45409700384300,218.66193636987867,108.05310139620053,0,1,1,22783,0
45409717787600,218.60334172579536,108.41931792172124,0,1,1,23199,0
45409733563300,218.42755779354542,108.96864271000231,0,1,1,23903,0
45409751853300,217.78301670862896,109.66445410849167,0,1,1,24287,0
45409768095900,216.2595559624628,110.65323872739759,0,1,1,25055,0
45409784404000,215.0290684367132,111.09269855802245,0,1,1,25311,0
45409801123400,213.62279697871367,110.98283360036623,0,1,1,25407,0
45409818059100,212.21652552071407,110.47013046463724,0,1,1,25407,0
45409835102200,210.51728084229796,109.40810254062717,0,1,1,25407,0
45409850659600,207.82192721446552,106.80796520943011,0,1,1,25471,0
45409867055200,206.41565575646598,104.68390936140997,0,1,1,25407,0
45409884297300,205.2437628747997,102.30350194552534,0,1,1,25375,0
45409901879100,204.36484321355,99.63012130922402,0,1,1,25375,0
45409916383800,203.1929503318837,94.72281986724647,0,1,1,25311,0
45409934147900,202.66559853513388,90.9874113069352,0,1,1,25247,0
45409950600700,202.60700389105057,87.25200274662393,0,1,1,25247,0
45409967523900,202.84138246738382,83.69970244907302,0,1,1,25215,0
45409984302300,203.36873426413365,80.33051041428246,0,1,1,25119,0
45410001131100,204.65781643396656,75.89929045548183,0,1,1,24991,0
45410018082200,205.77111467154953,73.29915312428477,0,1,1,24863,0
45410033527700,207.11879148546575,71.17509727626464,0,1,1,24575,0
45410050296100,209.16960402838174,69.12428473334865,0,1,1,23967,0
45410068195300,210.34149691004802,68.61158159761965,0,1,1,23711,0
45410085108500,211.27901121538105,68.79468986038,0,1,1,23551,0
45410100625100,212.27512016479739,69.5637445639735,0,1,1,23487,0
45410118184400,213.1540398260471,70.80888075074392,0,1,1,23391,0
45410134632200,214.03295948729686,72.05401693751435,0,1,1,23391,0
45410148468900,215.3806363012131,74.10482948043034,0,1,1,23391,0
45410158476400,215.67360952162966,74.72739757381555,0,1,1,23487,0
45410168788400,215.9079880979629,75.34996566720076,0,1,1,23487,0
45410183963000,216.2595559624628,76.22888532845047,0,1,1,23551,0
45410193980300,217.25566491187914,79.6346990157931,0,1,1,23647,0
45410204150400,217.43144884412908,80.95307850766767,0,1,1,23647,0
45410217929300,217.72442206454565,82.45456626230259,0,1,1,23679,0
45410227929800,217.9002059967956,85.56740672922865,0,1,1,23807,0
45410237929700,217.9002059967956,87.10551613641564,0,1,1,23871,0
45410251806100,217.78301670862896,88.60700389105057,0,1,1,23903,0
45410266524900,217.1384756237125,92.85511558709084,0,1,1,23999,0
45410276538300,216.61112382696268,95.34538796063168,0,1,1,24031,0
45410286558000,216.2595559624628,96.40741588464175,0,1,1,24095,0
45410301549400,216.02517738612954,97.46944380865182,0,1,1,24255,0
45410311554000,215.67360952162966,99.26390478370331,0,1,1,24351,0
45410335466700,215.67360952162966,99.26390478370331,0,1,1,24351,0
45410352732200,215.67360952162966,99.26390478370331,0,1,1,24351,0
45410368688400,215.67360952162966,99.26390478370331,0,1,1,24351,0
45410384501100,215.32204165712977,102.30350194552534,0,1,1,25343,0
45410400219400,215.32204165712977,102.81620508125434,0,1,1,25343,0
45410417106400,215.20485236896315,103.54863813229576,0,1,1,25375,0
45410433534500,215.20485236896315,103.69512474250405,0,1,1,25695,0
45410450008100,215.14625772487983,103.69512474250405,0,1,1,25727,0
45410466876400,215.14625772487983,103.69512474250405,0,1,1,25791,0
45410483322400,215.14625772487983,103.6218814373999,0,1,1,25727,0
45410500018900,215.32204165712977,103.54863813229576,0,1,1,25471,0
45410517456300,215.3806363012131,103.43877317463955,0,1,1,25471,0
45410533774200,215.67360952162966,103.43877317463955,0,1,1,25503,0
45410550452500,216.02517738612954,103.43877317463955,0,1,1,25535,0
45410568147900,216.43533989471274,103.07255664911884,0,1,1,25439,0
45410585429200,216.7283131151293,102.7429617761502,0,1,1,25439,0
45410601412600,217.43144884412908,102.01052872510877,0,1,1,25439,0
45410617619200,218.83772030212862,101.13160906385906,0,1,1,25407,0
45410634415700,221.88464179446095,99.33714808880745,0,1,1,25439,0
45410651698300,224.46280613412677,98.20187685969324,0,1,1,25471,0
45410671784200,227.39253833829247,97.57930876630803,0,1,1,25535,0
45410685372600,230.14648661020829,97.57930876630803,0,1,1,25535,0
45410702180200,233.076218814374,98.45822842755774,0,1,1,25599,0
45410717729000,234.4238956282902,99.08079652094295,0,1,1,25759,0
45410734336900,235.47859922178986,100.14282444495313,0,1,1,25887,0
45410750901300,236.53330281528952,101.38796063172356,0,1,1,25951,0
45410767836100,237.7051956969558,103.43877317463955,0,1,1,25951,0
45410784184600,238.5255207141222,104.68390936140997,0,1,1,25887,0
45410801447100,239.7560082398718,106.00228885328454,0,1,1,25823,0
45410818243400,241.4552529182879,107.43053330281532,0,1,1,25791,0
45410834634400,244.91233691920348,109.92080567635617,0,1,1,25727,0
45410851517400,247.37331197070267,111.2758068207828,0,1,1,25663,0
45410867956600,249.5413138017853,112.22796978713666,0,1,1,25631,0
45410884436000,251.00617990386814,112.85053788052187,0,1,1,25535,0
45410901226200,252.35385671778437,113.14351110093844,0,1,1,25503,0
45410917644700,252.70542458228425,113.14351110093844,0,1,1,25471,0
45410934022200,252.82261387045088,113.14351110093844,0,1,1,25311,0
45410950850500,252.99839780270082,113.14351110093844,0,1,1,24959,0
45410967276800,253.23277637903408,112.96040283817808,0,1,1,24287,0
45410984453500,253.40856031128402,112.96040283817808,0,1,1,24031,0
45411000504700,253.52574959945065,112.96040283817808,0,1,1,23999,0
45411017118000,253.52574959945065,112.85053788052187,0,1,1,24095,0
45411033983000,253.40856031128402,112.85053788052187,0,1,1,24511,0
45411067696000,252.5296406500343,112.77729457541773,0,1,1,24799,0
45411084744200,252.5296406500343,112.77729457541773,0,1,1,24799,0
45411101583400,252.5296406500343,112.77729457541773,0,1,1,24799,0
45411118119700,252.5296406500343,112.77729457541773,0,1,1,24799,0
45411135053900,241.33806363012127,108.6024261844816,0,1,1,25823,0
45411151671200,239.22865644312196,106.73472190432597,0,1,1,25855,0
45411169571200,237.06065461203934,103.43877317463955,0,1,1,25823,0
45411185513700,237.06065461203934,103.43877317463955,0,1,1,25823,0
45411201838000,236.12314030670632,98.6413366903181,0,1,1,25631,0
45411217655800,236.29892423895626,96.07782101167311,0,1,1,25599,0
45411234647300,236.8848706797894,93.22133211261155,0,1,1,25535,0
45411252392900,237.88097962920574,90.54795147631035,0,1,1,25343,0
45411268104500,240.28336003662162,87.43511100938429,0,1,1,25343,0
45411284814900,242.21698329137098,85.86037994964522,0,1,1,25215,0
45411302402600,244.44357976653697,84.8715953307393,0,1,1,24927,0
45411320707600,244.44357976653697,84.8715953307393,0,1,1,24927,0
45411336813800,249.07255664911878,86.0068665598535,0,1,1,24223,0
45411352993200,249.9514763103685,87.5449759670405,0,1,1,24319,0
45411369542900,250.30304417486838,89.41268024719614,0,1,1,24447,0
45411386272000,250.420233463035,92.5255207141222,0,1,1,24511,0
45411402171000,250.30304417486838,94.72281986724647,0,1,1,24511,0
45411417934400,250.30304417486838,97.21309224078732,0,1,1,24511,0
45411436235400,250.30304417486838,99.88647287708864,0,1,1,24607,0
45411454298200,250.30304417486838,102.44998855573363,0,1,1,24703,0
45411470489900,250.12726024261843,105.05012588693069,0,1,1,25215,0
45411485997900,250.06866559853512,106.00228885328454,0,1,1,25535,0
45411502074100,250.06866559853512,106.73472190432597,0,1,1,25631,0
45411518622400,249.9514763103685,107.17418173495082,0,1,1,26271,0
45411535655700,249.89288166628518,107.43053330281532,0,1,1,27231,0
45411551519900,249.89288166628518,107.43053330281532,0,1,1,27615,0
45411568644300,249.89288166628518,107.35728999771118,0,1,1,27455,0
45411586217600,250.06866559853512,106.73472190432597,0,1,1,27231,0
45411604593100,250.65461203936826,105.12336919203483,0,1,1,27327,0
45411620936800,252.29526207370105,99.95971618219278,0,1,1,27583,0
45411636347100,253.52574959945065,94.64957656214233,0,1,1,27775,0
45411653216300,254.5804531929503,88.24078736552985,0,1,1,27871,0
45411669718400,255.4593728542,81.31929503318838,0,1,1,27903,0
45411687863900,256.3382925154497,70.91874570840014,0,1,1,27999,0
45411702993400,256.80704966811624,64.07049668116281,0,1,1,28063,0
45411720073700,256.92423895628286,57.58846417944608,0,1,1,28095,0
45411736411500,256.7484550240329,51.41771572442201,0,1,1,28127,0
45411754427000,256.1625085831998,42.8848706797894,0,1,1,28191,0
45411771703100,255.57656214236664,37.90432593270771,0,1,1,28191,0
45411786143700,254.87342641336687,33.72945754177158,0,1,1,28223,0
45411803365600,253.87731746395053,30.360265506981023,0,1,1,28255,0
45411820083400,252.00228885328448,26.25864042114904,0,1,1,28351,0
45411836301100,250.59601739528495,24.06134126802465,0,1,1,28415,0
45411853134400,248.83817807278552,22.193636987869013,0,1,1,28479,0
45411869579900,246.6115815976196,20.838635843442376,0,1,1,28511,0
45411886168100,242.3341725795376,20.39917601281752,0,1,1,28287,0
45411904663800,239.05287251087202,21.387960631723445,0,1,1,27871,0
45411921568600,235.53719386587318,23.072556649118724,0,1,1,27647,0
45411936430900,232.54886701762416,24.940260929274473,0,1,1,27615,0
45411953252100,229.61913481345846,27.43053330281532,0,1,1,27551,0
45411969741200,229.09178301670863,28.30945296406503,0,1,1,27487,0
45411985850500,228.5644312199588,31.349050125886947,0,1,1,27263,0
45412003206800,228.9159990844587,33.72945754177158,0,1,1,27199,0
45412021049700,229.67772945754177,36.146486610208285,0,1,1,27135,0
45412036523100,231.8457312886244,40.138246738384055,0,1,1,27135,0
45412051651000,233.72075989929044,42.701762417029045,0,1,1,26975,0
45412070712500,235.53719386587318,44.679331654840894,0,1,1,26847,0
45412085362700,237.17784390020597,45.63149462119475,0,1,1,26591,0
45412101765600,239.99038681620505,46.730144197756886,0,1,1,26527,0
45412120044100,242.6857404440375,47.79217212176695,0,1,1,26399,0
45412136349700,246.02563515678645,49.47676813916223,0,1,1,26015,0
45412153635200,249.5413138017853,51.34447241931787,0,1,1,25599,0
45412167658800,252.8812085145342,53.2121766994735,0,1,1,25055,0
45412183882400,256.9828336003662,55.77569237811849,0,1,1,24831,0
45412202108300,258.74067292286566,57.40535591668572,0,1,1,24895,0
45412220489600,259.91256580453194,59.3463035019455,0,1,1,24991,0
45412236374900,260.73289082169833,61.65346761272599,0,1,1,25023,0
45412252942000,261.4360265506981,66.01144426642259,0,1,1,25055,0
45412270045000,261.67040512703136,68.94117647058829,0,1,1,25055,0
45412286338900,262.13916227969787,71.87090867475399,0,1,1,25055,0
45412302772700,262.6665140764477,75.09361409933626,0,1,1,25087,0
45412319697400,263.31105516136415,78.53604943923096,0,1,1,25055,0
45412336685400,264.54154268711375,84.32227054245823,0,1,1,25055,0
45412354067300,265.2446784161135,87.69146257724879,0,1,1,25087,0
45412370725100,265.71343556878,90.4747081712062,0,1,1,25183,0
45412387406300,266.0650034332799,92.85511558709084,0,1,1,25215,0
45412401165300,266.4751659418631,96.07782101167311,0,1,1,25279,0
45412420251500,267.00251773861294,98.09201190203703,0,1,1,25279,0
45412435484000,267.6470588235294,99.88647287708864,0,1,1,25311,0
45412452634900,267.9986266880293,100.87525749599456,0,1,1,25631,0
45412468724500,268.1158159761959,101.05836575875492,0,1,1,26047,0
45412485413600,268.1744106202792,100.76539253833835,0,1,1,25887,0
45412502434500,268.35019455252916,100.4357976653697,0,1,1,25887,0
45412520968400,268.5259784847791,99.95971618219278,0,1,1,25855,0
45412536299700,268.70176241702904,99.44701304646367,0,1,1,25823,0
45412552587600,268.877546349279,97.57930876630803,0,1,1,25983,0
45412570589600,269.05333028152893,95.34538796063168,0,1,1,25983,0
45412587051400,269.22911421377887,92.67200732433048,0,1,1,25983,0
45412603465700,269.58068207827876,90.03524834058135,0,1,1,25951,0
45412620289100,270.34241245136184,85.93362325474936,0,1,1,25983,0
45412636308000,270.75257495994504,83.18699931334402,0,1,1,25951,0
45412654639900,271.0455481803616,80.76997024490731,0,1,1,25631,0
45412670660800,271.22133211261155,79.15861753261618,0,1,1,25023,0
45412685749200,271.27992675669486,77.95010299839782,0,1,1,24543,0
45412702358400,271.3971160448615,77.32753490501261,0,1,1,24319,0
45412718542500,271.3971160448615,76.85145342183569,0,1,1,24127,0
45412735953100,271.3971160448615,76.7049668116274,0,1,1,23967,0
45412751499700,271.3971160448615,76.77821011673154,0,1,1,24223,0
45412768739400,271.22133211261155,77.03456168459604,0,1,1,24319,0
45412787538700,270.928358892195,77.95010299839782,0,1,1,24255,0
45412802074800,270.6939803158617,79.34172579537653,0,1,1,24159,0
45412818447700,270.40100709544515,82.5644312199588,0,1,1,23999,0
45412836257400,270.40100709544515,85.75051499198901,0,1,1,23935,0
45412853003200,270.5181963836118,89.92538338292513,0,1,1,23839,0
45412870409800,270.928358892195,93.9171435111009,0,1,1,23743,0
45412886491900,271.63149462119475,97.32295719844353,0,1,1,23647,0
45412903581600,273.33073929961085,101.68093385214013,0,1,1,23519,0
45412919647600,274.73701075761045,104.31769283588926,0,1,1,23519,0
45412936357200,276.0846875715267,106.55161364156561,0,1,1,23519,0
45412954322200,277.080796520943,108.23620965896089,0,1,1,23583,0
45412968150600,278.2526894026093,109.92080567635617,0,1,1,23583,0
45412978160700,279.30739299610894,110.83634699015795,0,1,1,23423,0
45412988163000,279.71755550469214,111.09269855802245,0,1,1,23231,0
45413002411500,280.3035019455253,111.34905012588695,0,1,1,23135,0
45413019114500,281.41680018310825,111.45891508354316,0,1,1,22879,0
45413034920600,283.46761272602424,111.2758068207828,0,1,1,22047,0
45413045496800,285.0496681162737,110.83634699015795,0,1,1,21887,0
45413056260600,285.8699931334401,110.54337376974138,0,1,1,21887,0
45413069788400,286.86610208285646,110.21377889677274,0,1,1,21887,0
45413086659500,288.9755092698558,109.66445410849167,0,1,1,21823,0
45413103952600,290.85053788052187,109.04188601510646,0,1,1,21599,0
45413118464800,292.6083772030213,108.05310139620053,0,1,1,21439,0
45413128478500,292.78416113527123,107.79674982833603,0,1,1,21407,0
45413138485400,292.90135042343786,107.72350652323189,0,1,1,21407,0
45413151743900,292.90135042343786,107.72350652323189,0,1,1,21439,0
45413161757300,292.90135042343786,107.72350652323189,0,1,1,21503,0
45413171755800,292.78416113527123,107.79674982833603,0,1,1,21631,0
45413185008700,292.78416113527123,107.79674982833603,0,1,1,21663,0
45413195007900,292.78416113527123,107.72350652323189,0,1,1,21663,0
45413205007300,292.78416113527123,107.72350652323189,0,1,1,21663,0
45413218102000,292.90135042343786,107.72350652323189,0,1,1,21663,0
45413228107900,292.78416113527123,107.72350652323189,0,1,1,21791,0
45413238112800,292.78416113527123,107.72350652323189,0,1,1,22079,0
45413251830600,292.6083772030213,107.79674982833603,0,1,1,23103,0
45413261843900,292.08102540627146,108.23620965896089,0,1,1,23487,0
45413271848200,291.67086289768827,108.49256122682539,0,1,1,23775,0
45413285580700,291.14351110093844,108.96864271000231,0,1,1,23903,0
45413295587600,289.7958342870222,109.73769741359581,0,1,1,24223,0
45413305587000,289.09269855802245,110.10391393911652,0,1,1,24415,0
45413318588700,287.9208056763561,110.47013046463724,0,1,1,24575,0
45413329688000,287.27626459143966,110.54337376974138,0,1,1,24575,0
45413339684000,286.22156099794,110.47013046463724,0,1,1,24607,0
45413353079800,285.8113984893568,110.36026550698102,0,1,1,24607,0
45413363091600,284.9910734721904,110.03067063401238,0,1,1,24511,0
45413386911200,284.69810025177384,109.59121080338753,0,1,1,24415,0
45413404748300,284.69810025177384,109.59121080338753,0,1,1,24415,0
45413420804000,284.69810025177384,109.59121080338753,0,1,1,24415,0
45413437324200,282.4715037766079,102.12039368276498,0,1,1,24159,0
45413454631700,282.23712520027465,98.8976882581826,0,1,1,24159,0
45413470242100,282.4129091325246,95.52849622339204,0,1,1,24031,0
45413490148800,283.233234149691,90.29159990844585,0,1,1,23903,0
45413504079200,283.233234149691,90.29159990844585,0,1,1,23903,0
45413520965100,285.8113984893568,84.8715953307393,0,1,1,23519,0
45413537392100,288.272373540856,82.1982146944381,0,1,1,23039,0
45413554587400,289.6786449988556,81.02632181277181,0,1,1,22207,0
45413571183200,290.79194323643856,80.51361867704281,0,1,1,21567,0
45413587494800,291.55367360952164,80.4037537193866,0,1,1,21215,0
45413601676500,292.6083772030213,81.31929503318838,0,1,1,21119,0
45413619206300,293.4287022201877,82.8207827878233,0,1,1,21119,0
45413635684000,294.13183794918746,84.8715953307393,0,1,1,21183,0
45413652333200,294.48340581368734,87.17875944151979,0,1,1,21247,0
45413669594500,294.60059510185397,90.36484321354999,0,1,1,21279,0
45413685745200,294.60059510185397,92.23254749370562,0,1,1,21343,0
45413703658200,294.60059510185397,94.28336003662162,0,1,1,21375,0
45413720190800,294.60059510185397,96.95674067292282,0,1,1,21407,0
45413735904400,294.424811169604,99.88647287708864,0,1,1,21471,0
45413753169600,293.8974593728542,103.80498970016026,0,1,1,21567,0
45413769107900,293.5458915083543,105.85580224307625,0,1,1,22879,0
45413785821500,293.3701075761044,107.35728999771118,0,1,1,23679,0
45413802351700,293.0771343556878,108.23620965896089,0,1,1,23967,0
45413818978100,293.0771343556878,108.8587777523461,0,1,1,24223,0
45413835645600,293.0771343556878,109.59121080338753,0,1,1,24639,0
45413852146100,292.9599450675212,109.84756237125202,0,1,1,24895,0
45413869587500,293.0771343556878,109.92080567635617,0,1,1,25151,0
45413885389000,293.0771343556878,109.84756237125202,0,1,1,25119,0
45413901960000,293.0771343556878,109.40810254062717,0,1,1,24959,0
45413919120300,293.5458915083543,107.79674982833603,0,1,1,25183,0
45413935998900,294.3076218814374,105.05012588693069,0,1,1,25343,0
45413952813600,296.47562371252,99.52025635156781,0,1,1,25791,0
45413969230900,298.4678416113527,95.63836118104825,0,1,1,25919,0
45413986155200,300.34287022201875,91.79308766308077,0,1,1,25983,0
45414004114500,302.1593041886015,88.49713893339435,0,1,1,25983,0
45414017839000,303.5655756466011,86.18997482261386,0,1,1,25759,0
45414036294800,304.79606317235067,84.94483863584344,0,1,1,25471,0
45414052755100,306.43671320668346,84.43213550011444,0,1,1,24703,0
45414069149400,307.3742275120165,84.8715953307393,0,1,1,24319,0
45414087825400,308.2531471732662,85.86037994964522,0,1,1,23711,0
45414103393200,309.4250400549325,88.24078736552985,0,1,1,23135,0
45414119540300,309.9523918516823,89.85214007782099,0,1,1,23039,0
45414136062100,310.2453650720989,91.28038452735177,0,1,1,22943,0
45414154440600,310.4211490043488,92.7818722819867,0,1,1,22943,0
45414169745100,310.59693293659876,95.9679560540169,0,1,1,22527,0
45414186219100,310.4211490043488,98.6413366903181,0,1,1,22399,0
45414202653100,310.12817578393225,101.38796063172356,0,1,1,22431,0
45414220064500,309.77660791943237,105.4163424124514,0,1,1,22367,0
45414235359300,309.893797207599,107.72350652323189,0,1,1,22367,0
45414245357700,310.3039597161822,109.48134584573131,0,1,1,22463,0
45414255360500,310.59693293659876,110.10391393911652,0,1,1,22559,0
45414269016000,310.831311512932,110.65323872739759,0,1,1,22559,0
45414279013000,311.30006866559853,111.45891508354316,0,1,1,22623,0
45414289020800,311.76882581826504,112.08148317692837,0,1,1,22943,0
45414303170600,311.944609750515,112.15472648203252,0,1,1,23007,0
45414313239000,312.29617761501487,112.15472648203252,0,1,1,23135,0
45414323236100,312.64774547951475,112.08148317692837,0,1,1,23231,0
45414336136100,313.1750972762646,111.89837491416802,0,1,1,23263,0
45414346171100,314.8743419546807,111.5321583886473,0,1,1,23231,0
45414356512200,316.6907759212634,110.90959029526209,0,1,1,23071,0
45414368906600,317.5111009384298,110.47013046463724,0,1,1,22943,0
45414378988700,318.3314259555962,110.03067063401238,0,1,1,22943,0
45414389872600,319.7376974135958,108.67566948958574,0,1,1,22943,0
45414419603700,320.38223849851227,107.79674982833603,0,1,1,23007,0
45414439604500,320.38223849851227,107.79674982833603,0,1,1,23007,0
45414455647000,320.38223849851227,107.79674982833603,0,1,1,23007,0
45414471773200,322.31586175326163,98.20187685969324,0,1,1,23327,0
45414488326600,322.43305104142826,95.4552529182879,0,1,1,23391,0
45414504118700,322.43305104142826,92.67200732433048,0,1,1,23423,0
45414522364500,322.31586175326163,90.18173495078963,0,1,1,23423,0
45414538344000,322.2572671091783,87.43511100938429,0,1,1,23359,0
45414555471300,322.2572671091783,86.18997482261386,0,1,1,23135,0
45414571243400,322.2572671091783,85.05470359349965,0,1,1,22751,0
45414587180100,322.2572671091783,84.13916227969787,0,1,1,22047,0
45414604161500,322.31586175326163,83.69970244907302,0,1,1,21439,0
45414619554800,322.31586175326163,83.80956740672923,0,1,1,21439,0
45414637775700,322.2572671091783,84.32227054245823,0,1,1,21567,0
45414655164600,322.1400778210117,85.67727168688486,0,1,1,21567,0
45414673144700,321.8471046005951,89.48592355230028,0,1,1,21567,0
45414688382700,321.7885099565118,92.59876401922634,0,1,1,21567,0
45414704715900,321.8471046005951,95.78484779125654,0,1,1,21535,0
45414721045400,322.2572671091783,99.00755321583881,0,1,1,21535,0
45414737967800,323.19478141451134,103.07255664911884,0,1,1,21471,0
45414756427900,324.01510643167774,104.79377431906619,0,1,1,21503,0
45414771017300,324.89402609292745,106.00228885328454,0,1,1,21503,0
45414788757900,326.38818951705196,107.61364156557568,0,1,1,21471,0
45414805113500,327.4428931105516,108.41931792172124,0,1,1,21343,0
45414819362100,328.1460288395514,108.8587777523461,0,1,1,21151,0
45414837427700,328.6733806363012,109.04188601510646,0,1,1,21183,0
45414852964800,329.31792172121766,108.96864271000231,0,1,1,21279,0
45414871805200,330.314030670634,108.67566948958574,0,1,1,21311,0
45414887070100,331.01716639963377,108.41931792172124,0,1,1,21375,0
45414905088800,331.72030212863353,107.97985809109639,0,1,1,21375,0
45414921737400,332.7750057221332,106.91783016708632,0,1,1,21407,0
45414938096700,333.47814145113296,105.56282902265968,0,1,1,21471,0
45414954710800,334.29846646829935,103.69512474250405,0,1,1,21887,0
45414972648700,335.17738612954906,101.38796063172356,0,1,1,22079,0
45414988501400,336.0563057907988,98.82444495307846,0,1,1,22367,0
45415003663700,337.22819867246506,94.64957656214233,0,1,1,22719,0
45415020584800,337.8727397573815,91.53673609521627,0,1,1,22879,0
45415037340500,338.40009155413134,88.49713893339435,0,1,1,22911,0
45415055235400,338.9860379949645,85.23781185626001,0,1,1,23039,0
45415070007500,339.1618219272144,84.06591897459373,0,1,1,23039,0
45415086576800,339.1032272831311,83.69970244907302,0,1,1,23007,0
45415102964200,339.1032272831311,83.69970244907302,0,1,1,22943,0
45415106799400,338.9860379949645,83.99267566948959,0,1,1,22655,0
45415121795800,338.81025406271453,84.13916227969787,0,1,1,22143,0
45415137883400,338.40009155413134,84.94483863584344,0,1,1,21855,0
45415154840900,337.63836118104825,86.37308308537422,0,1,1,21535,0
45415171905300,337.22819867246506,88.68024719615471,0,1,1,21215,0
45415187505400,336.9352254520485,91.97619592584113,0,1,1,20959,0
45415203161400,337.22819867246506,97.39620050354767,0,1,1,20767,0
45415208491900,337.4625772487983,99.00755321583881,0,1,1,20703,0
45415221586600,337.8727397573815,100.58228427557799,0,1,1,20703,0
45415237710100,338.7516594186312,102.9993133440147,0,1,1,20703,0
45415247793900,339.68917372396425,104.86701762417033,0,1,1,20927,0
45415257791800,340.8610666056305,106.36850537880525,0,1,1,21407,0
45415269548800,341.5056076905471,107.10093842984668,0,1,1,21503,0
45415279547600,342.91187914854663,108.49256122682539,0,1,1,21695,0
45415289550700,343.6150148775464,109.22499427786681,0,1,1,21759,0
45415304399300,344.31815060654617,109.84756237125202,0,1,1,21855,0
45415314415600,345.6072327763791,110.98283360036623,0,1,1,21951,0
45415324410300,346.4861524376288,111.5321583886473,0,1,1,21983,0
45415336476900,346.72053101396205,111.71526665140766,0,1,1,21983,0
45415346641500,347.18928816662856,111.60540169375145,0,1,1,22111,0
45415356638000,347.3650720988785,111.45891508354316,0,1,1,22239,0
45415370473300,347.7166399633784,111.2758068207828,0,1,1,22303,0
45415380475200,348.36118104829484,110.72648203250174,0,1,1,22335,0
45415405089500,348.7127489127947,110.47013046463724,0,1,1,22335,0
45415421994900,348.7127489127947,110.47013046463724,0,1,1,22335,0
45415439325500,348.7127489127947,110.47013046463724,0,1,1,22335,0
45415455297300,348.7127489127947,110.47013046463724,0,1,1,22335,0
45415473980800,351.1737239642939,101.75417715724427,0,1,1,23423,0
45415490633000,351.1737239642939,101.75417715724427,0,1,1,23423,0
45415505242400,353.1073472190433,93.9171435111009,0,1,1,24031,0
45415523001200,354.22064545662624,90.7310597390707,0,1,1,24511,0
45415537674900,355.45113298237584,87.98443579766536,0,1,1,24543,0
45415555462400,357.3847562371252,84.8715953307393,0,1,1,24607,0
45415572476000,358.38086518654154,83.69970244907302,0,1,1,24543,0
45415589119200,359.0840009155413,83.00389105058366,0,1,1,24319,0
45415605239700,359.61135271229114,82.5644312199588,0,1,1,23967,0
45415622217300,360.08010986495765,82.45456626230259,0,1,1,23711,0
45415637768100,360.6660563057908,82.5644312199588,0,1,1,23423,0
45415655976700,361.1934081025406,82.74753948271916,0,1,1,23263,0
45415674334900,361.83794918745707,83.00389105058366,0,1,1,22911,0
45415688014900,362.54108491645684,83.62645914396887,0,1,1,22559,0
45415705977100,363.7129777981231,85.49416342412451,0,1,1,22175,0
45415722287600,364.3575188830396,87.5449759670405,0,1,1,21983,0
45415738654900,364.8848706797894,90.10849164568549,0,1,1,21887,0
45415755505300,365.47081712062254,92.85511558709084,0,1,1,21855,0
45415772278200,365.99816891737237,95.63836118104825,0,1,1,21887,0
45415789950200,366.4669260700389,99.33714808880745,0,1,1,22175,0
45415805843900,366.4669260700389,101.57106889448391,0,1,1,22559,0
45415822488800,366.5841153582055,103.69512474250405,0,1,1,22751,0
45415839937800,367.17006179903865,106.36850537880525,0,1,1,22751,0
45415856528100,367.99038681620505,107.86999313344018,0,1,1,22751,0
45415873067300,368.92790112153807,109.29823758297096,0,1,1,22751,0
45415889117900,370.216983291371,110.54337376974138,0,1,1,22687,0
45415906268000,371.27168688487075,111.5321583886473,0,1,1,22623,0
45415921575700,372.61936369878697,112.15472648203252,0,1,1,22591,0
45415940887900,373.38109407187005,111.97161821927216,0,1,1,22687,0
45415955789700,374.0842298008698,111.16594186312659,0,1,1,22911,0
45415973383100,375.02174410620285,109.59121080338753,0,1,1,23039,0
45415989396600,376.25223163195244,105.9290455481804,0,1,1,23263,0
45416006034400,376.77958342870227,103.18242160677505,0,1,1,23359,0
45416022710100,377.2483405813688,100.25268940260935,0,1,1,23391,0
45416037811700,377.48271915770204,97.13984893568318,0,1,1,23455,0
45416055582600,378.01007095445186,92.34241245136184,0,1,1,23487,0
45416072160600,378.36163881895175,89.41268024719614,0,1,1,23487,0
45416091204400,378.71320668345163,87.17875944151979,0,1,1,23391,0
45416106321500,379.0647745479515,85.49416342412451,0,1,1,23167,0
45416121618600,379.4163424124514,84.50537880521858,0,1,1,22687,0
45416138127400,379.65072098878466,83.69970244907302,0,1,1,22303,0
45416154970500,379.65072098878466,83.62645914396887,0,1,1,22431,0
45416172505500,379.533531700618,83.88281071183337,0,1,1,22719,0
45416189272600,379.24055848020146,84.50537880521858,0,1,1,22719,0
45416204459000,378.6546120393683,87.43511100938429,0,1,1,22559,0
45416224608300,378.1858548867018,90.9874113069352,0,1,1,22495,0
45416239853100,378.1272602426185,94.83268482490269,0,1,1,22463,0
45416255952400,378.36163881895175,98.3849851224536,0,1,1,22431,0
45416271667300,379.3577477683681,102.55985351338984,0,1,1,22367,0
45416288404100,380.41245136186774,104.61066605630583,0,1,1,22303,0
45416303607500,381.76012817578396,106.36850537880525,0,1,1,22271,0
45416319452700,383.6937514305333,108.3460746166171,0,1,1,22335,0
45416329458700,384.68986037994966,109.04188601510646,0,1,1,22431,0
45416340062300,385.1586175326162,109.29823758297096,0,1,1,22495,0
45416355784000,385.51018539711606,109.59121080338753,0,1,1,22495,0
45416371685500,386.27191577019914,109.84756237125202,0,1,1,22399,0
45416388278300,386.9164568551156,109.84756237125202,0,1,1,22207,0
45416406118900,388.2641336690318,109.04188601510646,0,1,1,22431,0
45416421668500,389.3188372625315,107.86999313344018,0,1,1,22559,0
45416437753000,390.3149462119478,106.1853971160449,0,1,1,22847,0
45416456358500,391.25246051728084,104.24444953078512,0,1,1,22879,0
45416472292600,392.3071641107805,101.05836575875492,0,1,1,22975,0
45416487969400,392.775921263447,98.6413366903181,0,1,1,23231,0
45416505802400,393.1274891279469,96.07782101167311,0,1,1,23391,0
45416524120200,393.42046234836346,93.47768368047605,0,1,1,23391,0
45416536966200,393.4790569924468,90.18173495078963,0,1,1,23455,0
45416546968500,393.4790569924468,88.68024719615471,0,1,1,23423,0
45416556969400,393.4790569924468,88.314030670634,0,1,1,23327,0
45416571601600,393.4790569924468,87.98443579766536,0,1,1,23167,0
45416588172900,393.4790569924468,87.69146257724879,0,1,1,23007,0
45416605745500,393.42046234836346,87.61821927214464,0,1,1,22943,0
45416622371000,393.0688944838636,88.314030670634,0,1,1,22399,0
45416638478000,392.48294804303043,90.03524834058135,0,1,1,21951,0
45416655206500,392.07278553444723,93.03822384985119,0,1,1,21727,0
45416672409700,391.9555962462806,96.8468757152666,0,1,1,21695,0
45416687478400,392.48294804303043,101.93728542000463,0,1,1,21663,0
45416697712100,393.42046234836346,105.12336919203483,0,1,1,21599,0
45416707705300,393.9478141451133,106.80796520943011,0,1,1,21567,0
45416722116700,394.5337605859464,108.41931792172124,0,1,1,21535,0
45416738435500,395.88143739986265,110.90959029526209,0,1,1,21407,0
45416748826800,397.63927672236207,112.85053788052187,0,1,1,21407,0
45416758822700,398.2838178072785,113.14351110093844,0,1,1,21503,0
45416772484400,398.928358892195,113.39986266880294,0,1,1,21567,0
45416788551700,400.2174410620279,113.76607919432365,0,1,1,21759,0
45416798571300,401.68230716411085,114.02243076218815,0,1,1,21791,0
45416808699500,402.44403753719394,113.94918745708401,0,1,1,21791,0
45416821668000,403.0885786221104,113.8393224994278,0,1,1,21823,0
45416831710800,405.02220187685975,112.52094300755323,0,1,1,22143,0
45416841905600,405.6667429617762,111.71526665140766,0,1,1,22143,0
45416855244900,406.369878690776,110.83634699015795,0,1,1,22271,0
45416865258700,407.54177157244226,108.96864271000231,0,1,1,22431,0
45416875269600,408.0691233691921,107.86999313344018,0,1,1,22431,0
45416888066400,409.24101625085837,105.9290455481804,0,1,1,22495,0
45416898094000,409.7683680476082,104.86701762417033,0,1,1,22591,0
45416908092700,410.82307164110784,102.55985351338984,0,1,1,23103,0
45416922586700,411.29182879377436,101.31471732661942,0,1,1,23391,0
45416932594400,412.17074845502407,98.45822842755774,0,1,1,23839,0
45416942708400,412.93247882810715,95.4552529182879,0,1,1,24159,0
45416955491200,412.93247882810715,95.4552529182879,0,1,1,24159,0
45416965498500,413.9285877775235,92.5255207141222,0,1,1,24287,0
45416975500400,414.8075074387732,89.55916685740442,0,1,1,24415,0
45416987803800,415.334859235523,88.16754406042571,0,1,1,24447,0
45416997807600,416.33096818493937,85.67727168688486,0,1,1,24415,0
45417007847200,416.8583199816892,84.6152437628748,0,1,1,24415,0
45417022432600,417.50286106660565,83.69970244907302,0,1,1,24415,0
45417032648800,419.7880521858549,81.64888990615702,0,1,1,24415,0
45417042651800,420.6669718471046,81.20943007553217,0,1,1,24415,0
45417056506300,421.7802700846876,80.95307850766767,0,1,1,24351,0
45417066557200,423.71389333943694,80.69672693980317,0,1,1,23967,0
45417076554900,424.7100022888533,80.69672693980317,0,1,1,23711,0
45417088440800,425.47173266193636,80.76997024490731,0,1,1,23391,0
45417098451400,426.64362554360264,81.50240329594874,0,1,1,23103,0
45417108663100,427.46395056076904,83.0771343556878,0,1,1,23103,0
45417121270100,427.8155184252689,84.24902723735408,0,1,1,23103,0
45417131765900,428.2256809338521,87.5449759670405,0,1,1,23103,0
45417141764400,428.40146486610206,89.48592355230028,0,1,1,23103,0
45417156204000,428.577248798352,91.53673609521627,0,1,1,23103,0
45417166198500,428.8702220187686,95.4552529182879,0,1,1,23135,0
45417176376500,428.8702220187686,98.71457999542224,0,1,1,23199,0
45417188096200,428.75303273060194,100.32593270771349,0,1,1,23327,0
45417198113300,428.69443808651863,101.82742046234841,0,1,1,23455,0
45417208115200,428.34287022201875,104.42755779354547,0,1,1,24031,0
45417221960600,428.1670862897688,105.48958571755554,0,1,1,24351,0
45417231974300,427.99130235751886,106.91783016708632,0,1,1,24543,0
45417242122300,427.87411306935223,107.24742504005496,0,1,1,24959,0
45417270501900,427.87411306935223,107.79674982833603,0,1,1,25599,0
45417289459600,427.87411306935223,107.79674982833603,0,1,1,25599,0
45417305971300,427.87411306935223,107.79674982833603,0,1,1,25599,0
45417322455600,427.87411306935223,107.86999313344018,0,1,1,25727,0
45417339885900,427.8155184252689,107.72350652323189,0,1,1,26015,0
45417354757800,427.6983291371023,107.24742504005496,0,1,1,25919,0
45417371920700,427.639734493019,104.79377431906619,0,1,1,26079,0
45417390183000,427.639734493019,101.75417715724427,0,1,1,26111,0
45417407397200,427.46395056076904,98.3849851224536,0,1,1,26175,0
45417425146800,427.46395056076904,98.3849851224536,0,1,1,26175,0
45417440522300,427.46395056076904,98.3849851224536,0,1,1,26175,0
45417456964900,428.9288166628519,85.31105516136415,0,1,1,26367,0
45417473874200,429.8663309681849,82.45456626230259,0,1,1,26367,0
45417492177000,430.628061341268,80.25726710917831,0,1,1,26335,0
45417507021700,431.917143511101,77.84023804074161,0,1,1,25791,0
45417523878700,432.7960631723507,76.9613183794919,0,1,1,24863,0
45417539550600,433.4991989013505,76.7049668116274,0,1,1,24255,0
45417555685700,434.6710917830168,76.85145342183569,0,1,1,23935,0
45417574424800,435.6086060883498,77.14442664225226,0,1,1,23551,0
45417590610500,436.66330968184946,77.65712977798125,0,1,1,22783,0
45417607268100,437.6594186312658,78.53604943923096,0,1,1,22687,0
45417623501500,438.4797436484322,79.96429388876174,0,1,1,22591,0
45417641882600,439.18287937743196,82.74753948271916,0,1,1,22207,0
45417656968800,439.59304188601516,84.68848706797894,0,1,1,22143,0
45417673819400,440.00320439459836,86.55619134813458,0,1,1,22175,0
45417690305400,440.35477225909824,88.93659876401921,0,1,1,22207,0
45417707268300,440.76493476768144,93.58754863813226,0,1,1,22271,0
45417724999500,441.1165026321813,96.26092927443347,0,1,1,22463,0
45417740458900,441.58525978484784,98.56809338521396,0,1,1,22495,0
45417757229400,442.11261158159766,100.58228427557799,0,1,1,22431,0
45417773689300,443.4602883955139,103.36552986953541,0,1,1,22303,0
45417790043000,444.3392080567636,104.50080109864962,0,1,1,22367,0
45417804897100,444.7493705653468,105.05012588693069,0,1,1,22559,0
45417821920500,444.8665598535134,105.12336919203483,0,1,1,23007,0
45417838975300,444.8665598535134,105.12336919203483,0,1,1,23999,0
45417856342700,444.8665598535134,105.12336919203483,0,1,1,24479,0
45417874806100,444.8665598535134,104.68390936140997,0,1,1,24287,0
45417890554200,444.7493705653468,103.80498970016026,0,1,1,24383,0
45417907190200,444.8665598535134,101.13160906385906,0,1,1,24351,0
45417924535200,445.15953307393,98.27512016479739,0,1,1,24447,0
45417942264700,445.5111009384299,94.64957656214233,0,1,1,24447,0
45417958572500,446.0384527351797,90.7310597390707,0,1,1,24447,0
45417974248700,446.56580453192953,87.25200274662393,0,1,1,24479,0
45417989699600,447.15175097276267,83.99267566948959,0,1,1,24351,0
45418006158100,447.50331883726255,82.89402609292745,0,1,1,23487,0
45418024130700,447.7962920576791,82.45456626230259,0,1,1,22623,0
45418040498700,447.7962920576791,82.38132295719845,0,1,1,22751,0
45418056635400,447.7376974135958,83.0771343556878,0,1,1,22623,0
45418073556400,447.50331883726255,84.43213550011444,0,1,1,22079,0
45418091416800,447.3275349050126,86.55619134813458,0,1,1,21695,0
45418107625900,447.3275349050126,90.03524834058135,0,1,1,21087,0
45418124067800,447.7962920576791,95.7116044861524,0,1,1,20767,0
45418141086500,448.6166170748455,98.71457999542224,0,1,1,20479,0
45418156947400,449.8471046005951,101.49782558937977,0,1,1,20319,0
45418174592100,451.60494392309454,103.98809796292062,0,1,1,20255,0
45418190086700,455.06202792401007,107.97985809109639,0,1,1,20223,0
45418205847400,457.46440833142594,110.10391393911652,0,1,1,20223,0
45418222438800,459.51522087434194,111.34905012588695,0,1,1,20479,0
45418242290100,461.21446555275816,111.7885099565118,0,1,1,20479,0
45418256878200,463.4410620279241,111.09269855802245,0,1,1,21119,0
45418273872600,464.8473334859236,109.66445410849167,0,1,1,21279,0
45418289987100,466.19501029983985,107.54039826047153,0,1,1,21471,0
45418306706000,467.1911192492562,104.86701762417033,0,1,1,21471,0
45418321950700,467.89425497825596,100.25268940260935,0,1,1,21599,0
45418331953600,468.24582284275584,96.70038910505832,0,1,1,21599,0
45418341962900,468.4216067750058,94.72281986724647,0,1,1,21631,0
45418356815300,468.71457999542235,92.85511558709084,0,1,1,21631,0
45418373312200,469.06614785992224,89.41268024719614,0,1,1,21599,0
45418388552500,470.00366216525526,84.94483863584344,0,1,1,21503,0
45418398576800,470.82398718242166,82.5644312199588,0,1,1,21471,0
45418408583800,471.3513389791715,81.57564660105288,0,1,1,21439,0
45418424073500,471.820096131838,80.76997024490731,0,1,1,21407,0
45418440343100,472.6990157930877,79.52483405813689,0,1,1,20895,0
45418456449900,473.4607461661708,79.01213092240789,0,1,1,20351,0
45418466578400,474.2810711833372,79.01213092240789,0,1,1,19167,0
45418476758800,474.57404440375376,79.15861753261618,0,1,1,19135,0
45418489178300,474.808422980087,79.52483405813689,0,1,1,19103,0
45418499242300,475.5115587090868,80.69672693980317,0,1,1,19103,0
45418509240800,475.9803158617533,81.50240329594874,0,1,1,19103,0
45418523617600,476.5076676585031,82.27145799954224,0,1,1,19103,0
45418539367100,478.7928587777524,85.49416342412451,0,1,1,18815,0
45418549664100,480.84367132066836,88.16754406042571,0,1,1,18815,0
45418559652600,481.95696955825133,89.74227512016478,0,1,1,18815,0
45418574304100,482.89448386358436,91.42687113756006,0,1,1,18815,0
45418590598500,484.88670176241703,94.90592813000683,0,1,1,18815,0
45418606545300,486.5273517967498,97.94552529182874,0,1,1,18815,0
45418616595200,488.5195696955825,100.50904097047385,0,1,1,18847,0
45418626607100,488.9297322041657,101.05836575875492,0,1,1,18911,0
45418640285300,489.3984893568322,101.49782558937977,0,1,1,18975,0
45418650297300,490.2188143739986,102.37674525062948,0,1,1,19071,0
45418660303500,490.74616617074844,102.92607003891055,0,1,1,19071,0
45418673596600,491.3321126115817,103.2556649118792,0,1,1,19071,0
45418683949300,493.0313572899978,103.98809796292062,0,1,1,19103,0
45418693951800,495.0235751888305,104.50080109864962,0,1,1,19135,0
45418705988400,496.07827878233013,104.79377431906619,0,1,1,19167,0
45418715988500,498.30487525749606,104.94026092927447,0,1,1,19231,0
45418725995800,499.41817349507903,105.05012588693069,0,1,1,19167,0
45418740129800,500.70725566491194,104.94026092927447,0,1,1,19167,0
45418750203600,502.9924467841612,104.42755779354547,0,1,1,19007,0
45418760232200,504.86747539482724,103.69512474250405,0,1,1,19007,0
45418772382400,505.570611123827,103.2556649118792,0,1,1,18975,0
45418782385300,506.3909361409934,102.63309681849398,0,1,1,18975,0
45418792740500,506.56672007324335,102.30350194552534,0,1,1,19039,0
45418806154800,506.56672007324335,102.01052872510877,0,1,1,19135,0
45418816157300,506.4495307850767,101.93728542000463,0,1,1,19807,0
45418826160100,506.2737468528268,101.93728542000463,0,1,1,20063,0
45418839621600,505.8635843442436,102.01052872510877,0,1,1,20447,0
45418849915800,505.1604486152438,102.19363698786913,0,1,1,20767,0
45418859913100,504.7502861066606,102.37674525062948,0,1,1,21151,0
45418873322200,504.2229343099108,102.63309681849398,0,1,1,21439,0
45418883327700,502.9338521400779,103.36552986953541,0,1,1,22047,0
45418893463300,501.4103913939117,104.31769283588926,0,1,1,22335,0
45418905353800,500.70725566491194,104.79377431906619,0,1,1,22431,0
45418915362300,499.88693064774554,105.23323414969104,0,1,1,22495,0
45418925369400,498.3634699015794,105.9290455481804,0,1,1,22495,0
45418935378700,497.6017395284963,106.11215381094075,0,1,1,22527,0
45418957661100,497.6017395284963,106.11215381094075,0,1,1,22527,0
45418975193100,497.6017395284963,106.11215381094075,0,1,1,22527,0
45418993056100,497.6017395284963,106.11215381094075,0,1,1,22527,0
45419008698600,497.6017395284963,106.11215381094075,0,1,1,22527,0
45419025062900,491.2735179674984,104.06134126802476,0,1,1,22399,0
45419041149000,490.6289768825818,102.9993133440147,0,1,1,22239,0
45419059359900,489.7500572213321,99.88647287708864,0,1,1,22143,0
45419075023700,489.2813000686656,97.21309224078732,0,1,1,22111,0
45419091057700,489.2227054245823,94.28336003662162,0,1,1,22015,0
45419108000300,489.57427328908216,91.28038452735177,0,1,1,21951,0
45419126715400,490.45319295033187,88.314030670634,0,1,1,21855,0
45419142620500,490.45319295033187,88.314030670634,0,1,1,21855,0
45419158485800,495.9610894941635,82.63767452506295,0,1,1,21823,0
45419173500600,499.53536278324566,81.64888990615702,0,1,1,21951,0
45419192202800,502.9924467841612,81.64888990615702,0,1,1,21951,0
45419208685900,506.7425040054933,82.89402609292745,0,1,1,21599,0
45419225677000,508.0901808194095,84.6152437628748,0,1,1,21727,0
45419242329900,508.7933165484093,87.17875944151979,0,1,1,21951,0
45419258721200,508.9691004806592,90.80430304417484,0,1,1,21983,0
45419275038400,508.7933165484093,97.57930876630803,0,1,1,22015,0
45419292737300,508.67612726024265,101.57106889448391,0,1,1,22079,0
45419308554300,508.61753261615934,104.24444953078512,0,1,1,22431,0
45419323923100,508.26596475165945,105.74593728542004,0,1,1,24319,0
45419340607500,507.9729915312429,106.36850537880525,0,1,1,24767,0
45419357073600,507.91439688715957,106.47837033646147,0,1,1,24543,0
45419375169500,507.91439688715957,106.11215381094075,0,1,1,24607,0
45419391623500,508.1487754634928,104.68390936140997,0,1,1,24799,0
45419408945200,508.61753261615934,102.01052872510877,0,1,1,25183,0
45419422765100,509.3792629892424,95.78484779125654,0,1,1,26591,0
45419438728800,509.90661478599225,90.36484321354999,0,1,1,27103,0
45419456919300,510.25818265049213,84.43213550011444,0,1,1,28031,0
45419475606600,510.5511558709087,78.27969787136647,0,1,1,28927,0
45419491589400,510.4925612268254,62.092927443350845,0,1,1,29503,0
45419509832300,510.25818265049213,58.8336003662165,0,1,1,29759,0
45419525302800,509.90661478599225,55.95880064087885,0,1,1,29887,0
45419542218200,508.9691004806592,50.172579537651586,0,1,1,29983,0
45419558965300,507.621423666743,44.86243991760125,0,1,1,30015,0
45419575308000,505.39482719157706,38.34378576333256,0,1,1,29695,0
45419591886600,503.9885557335775,35.70702677958343,0,1,1,29375,0
45419608968400,502.75806820782793,34.168917372396436,0,1,1,28575,0
45419624796100,501.2932021057451,33.36324101625087,0,1,1,27583,0
45419641795000,498.3634699015794,32.92378118562601,0,1,1,27327,0
45419660113700,496.07827878233013,32.92378118562601,0,1,1,27295,0
45419675572200,493.8516823071642,33.10688944838637,0,1,1,27103,0
45419691786400,491.8594644083315,33.36324101625087,0,1,1,26975,0
45419708298300,489.57427328908216,34.60837720302129,0,1,1,25983,0
45419725126000,488.34378576333256,36.03662165255207,0,1,1,25279,0
45419740876900,487.46486610208285,38.01419089036392,0,1,1,24735,0
45419758185400,486.937514305333,40.32135500114441,0,1,1,24479,0
45419774722900,487.3476768139162,44.23987182421604,0,1,1,23775,0
45419791724000,488.5195696955825,47.242847333485884,0,1,1,23423,0
45419810067800,490.04303044174867,50.172579537651586,0,1,1,23391,0
45419824801200,491.8594644083315,53.029068436713146,0,1,1,23391,0
45419842102400,495.1993591210804,56.52643625543601,0,1,1,24127,0
45419857964600,497.83611810482955,58.21103227283129,0,1,1,24895,0
45419875766800,501.0588235294118,59.3463035019455,0,1,1,25087,0
45419892477300,504.3987182421607,60.078736552986925,0,1,1,25087,0
45419908783900,509.7308308537423,60.957656214236636,0,1,1,25087,0
45419924958600,513.3051041428245,61.58022430762185,0,1,1,25087,0
45419941884000,516.1762417029069,62.38590066376753,0,1,1,24991,0
45419958602300,518.2856488899062,63.26482032501724,0,1,1,25023,0
45419974608200,520.5122453650721,64.5831998168918,0,1,1,25023,0
45419991063600,524.4380865186542,67.43968871595337,0,1,1,24863,0
45420008405800,527.2506294346533,69.38063630121314,0,1,1,24671,0
45420024868500,530.4733348592356,71.17509727626464,0,1,1,23871,0
45420042936100,533.5788509956512,72.67658503089956,0,1,1,22431,0
45420058537700,537.6804760814832,74.72739757381555,0,1,1,17375,0
45420074094900,539.9070725566492,76.15564202334633,0,1,0,1184,0
45420091579900,541.3133440146487,78.02334630350197,0,1,0,0,0
45420107578000,541.371938658732,80.33051041428246,0,1,0,0,0
45420124652100,537.8562600137332,84.24902723735408,0,1,0,0,0
45420142351400,533.0514991989014,87.5449759670405,0,1,0,0,0
45420159215200,526.4888990615702,91.90295262073698,0,1,0,0,0
45420176176700,519.3403524834058,96.40741588464175,0,1,0,0,0
45420190596500,502.9338521400779,103.36552986953541,0,1,0,0,0
45420207232300,497.77752346074624,104.31769283588926,0,1,0,0,0
45420210882700,492.504005493248,104.94026092927447,0,1,0,0,0
45420224822900,486.99610894941634,105.48958571755554,0,1,0,0,0
45420241272200,475.6873426413367,106.11215381094075,0,1,0,0,0
45420256623300,459.10505836575874,106.00228885328454,0,1,0,0,0
45420262481700,453.77294575417716,105.56282902265968,0,1,0,0,0
45420275007600,448.6166170748455,104.94026092927447,0,1,0,0,0
45420285015400,439.3586633096819,103.8782330052644,0,1,0,0,0
45420295028100,435.43282215609986,103.54863813229576,0,1,0,0,0
45420307806000,428.40146486610206,103.07255664911884,0,1,0,0,0
45420317811400,425.1201647974365,102.7429617761502,0,1,0,0,0
45420327815800,418.6161593041886,101.57106889448391,0,1,0,0,0
45420340292500,415.45204852368965,100.76539253833835,0,1,0,0,0
45420350347000,409.4168001831083,99.00755321583881,0,1,0,0,0
45420360345500,406.369878690776,98.09201190203703,0,1,0,0,0
45420379626400,403.4401464866103,97.32295719844353,0,1,0,0,0
45420410275000,394.1235980773632,95.27214465552754,0,1,0,0,0
45420425887100,394.1235980773632,95.27214465552754,0,1,0,0,0
45420442695000,375.37331197070273,91.53673609521627,0,1,0,0,0
45420457581300,366.29114213778894,89.92538338292513,0,1,0,0,0
45420474388900,358.08789196612497,89.22957198443578,0,1,0,0,0
45420492324900,352.87296864271,90.10849164568549,0,1,0,0,0
45420508174300,354.0448615243763,92.04943923094527,0,1,0,0,0
45420525929500,357.6777294575418,94.39322499427783,0,1,0,0,0
45420542656400,363.06843671320667,97.02998397802696,0,1,0,0,0
45420560702000,373.6740672922866,100.6921492332342,0,1,0,0,0
45420575535700,380.93980315861756,102.9993133440147,0,1,0,0,0
45420592974700,388.1469443808652,105.4163424124514,0,1,0,0,0
45420609711200,398.45960173952847,109.1151293202106,0,1,0,0,0
45420626495100,404.61203936827656,111.60540169375145,0,1,0,0,0
45420642577800,410.1785305561914,113.94918745708401,0,1,0,0,0
45420661208700,415.10048065918977,115.63378347447929,0,1,0,0,0
45420680744400,419.0849164568551,116.7690547035935,0,1,0,0,0
45420693798200,419.0849164568551,116.7690547035935,0,1,0,0,0
45420710657400,426.64362554360264,120.06500343327991,0,1,0,0,0
45420727041700,428.577248798352,121.74959945067519,0,1,0,0,0
45420742282500,431.5069810025178,124.60608834973675,0,1,0,0,0
45420760097800,433.67498283360044,126.73014419775689,0,1,0,0,0
45420776832300,435.37422751201655,128.85420004577702,0,1,0,0,0
45420792619300,435.9601739528497,130.6486610208285,0,1,0,0,0
45420809497800,435.72579537651643,132.51636530098415,0,1,0,0,0
45420827093800,435.2570382238499,135.44609750514985,0,1,0,0,0
45420843043800,435.1984435797666,136.94758525978477,0,1,0,0,0
45420860802400,434.8468757152667,137.6800183108263,0,1,0,0,0
45420876102300,434.0265506981003,137.5701533531701,0,1,0,0,0
45420892728500,432.6202792401008,136.76447699702442,0,1,0,0,0
45420908694500,432.09292744335096,136.50812542915992,0,1,0,0,0
45420926096800,431.7999542229344,136.43488212405578,0,1,0,0,0
45420941875900,431.68276493476776,136.25177386129542,0,1,0,0,0
45420958734600,431.97573815518433,135.8855573357747,0,1,0,0,0
45420974972900,431.97573815518433,135.6292057679102,0,1,0,0,0
45420993594400,431.7999542229344,135.44609750514985,0,1,0,0,0
45421009793400,431.5069810025178,135.2629892423895,0,1,0,0,0
45421025208000,431.4483863584345,134.82352941176464,0,1,0,0,0
45421042823500,431.3311970702679,133.65163653009836,0,1,0,0,0
45421056696300,431.4483863584345,132.88258182650486,0,1,1,14144,0
45421073390100,431.5069810025178,132.3332570382238,0,1,1,18943,0
45421091786500,431.62417029068445,132.40650034332793,0,1,1,23807,0
45421108200200,431.917143511101,132.5896086060883,0,1,1,26431,0
45421125212900,431.97573815518433,132.51636530098415,0,1,1,27199,0
45421141919800,432.09292744335096,132.51636530098415,0,1,1,27551,0
45421158482400,431.97573815518433,132.3332570382238,0,1,1,27423,0
45421178730500,431.62417029068445,132.0769054703593,0,1,1,15520,0
45421193640700,430.80384527351794,131.71068894483858,0,1,0,0,0
45421209041900,429.57335774776834,131.34447241931787,0,1,0,0,0
45421227530000,429.22178988326846,131.1613641565575,0,1,0,0,0
45421242960700,435.6086060883498,131.63744563973444,0,1,0,0,0
45421259772100,445.39391165026325,131.71068894483858,0,1,0,0,0
45421276435300,457.288624399176,130.905012588693,0,1,0,0,0
45421294382200,470.00366216525526,129.29365987640188,0,1,0,0,0
45421311577100,484.53513389791715,126.80338750286103,0,1,0,0,0
45421326356900,500.9416342412452,123.61730373083083,0,1,0,0,0
45421342520600,523.4419775692379,116.7690547035935,0,1,0,0,0
45421359204800,535.1023117418174,111.16594186312659,0,1,0,0,0
45421376278500,544.2430762188144,105.30647745479519,0,1,0,0,0
45421392342800,555.2588693064774,96.51728084229796,0,1,0,0,0
45421409440700,561.5870908674754,90.80430304417484,0,1,0,0,0
45421426179200,567.0949874113069,86.0068665598535,0,1,0,0,0
45421444077500,572.1341268024719,82.1982146944381,0,1,0,0,0
45421460524300,577.4662394140535,79.08537422751203,0,1,0,0,0
45421475785900,585.3179217212177,75.09361409933626,0,1,0,0,0
45421491899400,589.6539253833829,72.67658503089956,0,1,0,0,0
45421506828000,593.1110093842984,70.47928587777528,0,1,0,0,0
45421512198500,595.8063630121309,68.50171663996343,0,1,0,0,0
45421524929100,596.6852826733806,67.69604028381787,0,1,0,0,0
45421535179500,597.6813916227969,66.1213092240788,0,1,0,0,0
45421545184800,597.6813916227969,65.57198443579773,0,1,0,0,0
45421559052900,597.5642023346303,65.13252460517288,0,1,0,0,0
45421569063100,596.8024719615472,64.5831998168918,0,1,0,0,0
45421579374500,595.454795147631,64.5831998168918,0,1,0,0,0
45421591789000,595.454795147631,64.5831998168918,0,1,0,0,0
45421602349300,593.0524147402151,65.13252460517288,0,1,0,0,0
45421612343100,592.2320897230487,65.49874113069359,0,1,0,0,0
45421625434400,591.4703593499656,65.75509269855809,0,1,0,0,0
45421635437700,589.5953307392996,66.30441748683916,0,1,0,0,0
45421645438300,588.4234378576333,66.30441748683916,0,1,0,0,0
45421659716400,585.3179217212177,65.93820096131844,0,1,0,0,0
45421674378300,581.0405127031357,65.13252460517288,0,1,0,0,0
45421680717400,578.7553215838864,64.76630807965216,0,1,0,0,0
45421692738400,576.3529411764705,64.50995651178766,0,1,0,0,0
45421702752700,572.1341268024719,64.5831998168918,0,1,0,0,0
45421725861800,572.1341268024719,64.5831998168918,0,1,0,0,0
45421744914500,572.1341268024719,64.5831998168918,0,1,0,0,0
45421760791000,572.1341268024719,64.5831998168918,0,1,0,0,0
45421776555800,563.3449301899748,67.54955367360958,0,1,0,0,0
45421793781000,564.1652552071412,68.61158159761965,0,1,0,0,0
45421811730000,566.567635614557,69.85671778439007,0,1,0,0,0
45421829186700,568.4426642252231,70.29617761501493,0,1,0,0,0
45421843663900,568.4426642252231,70.29617761501493,0,1,0,0,0
45421860922800,571.782558937972,71.43144884412914,0,1,0,0,0
45421876749200,574.0091554131379,72.60334172579542,0,1,0,0,0
45421894805600,575.0638590066376,73.40901808194099,0,1,0,0,0
45421910540300,576.2357518883039,74.0315861753262,0,1,0,0,0
45421927810900,577.6420233463034,74.83726253147177,0,1,0,0,0
45421943776200,579.2826733806362,75.78942549782562,0,1,0,0,0
45421959902900,581.5678644998856,77.32753490501261,0,1,0,0,0
45421978627900,582.4467841611353,78.02334630350197,0,1,0,0,0
45421993214100,582.7983520256352,78.27969787136647,0,1,0,0,0
45422009808800,582.7983520256352,78.27969787136647,0,1,0,0,0
45422026422700,582.5639734493019,77.76699473563747,0,1,0,0,0
45422045024300,582.9155413138018,77.4740215152209,0,1,0,0,0
45422060661200,583.5014877546349,77.4740215152209,0,1,0,0,0
45422078406000,584.1460288395514,77.58388647287711,0,1,0,0,0
45422092590300,584.4975967040513,77.32753490501261,0,1,0,2752,0
45422107231300,584.4975967040513,77.2176699473564,0,1,1,11392,0
45422124127900,584.6147859922179,77.4740215152209,0,1,1,15616,0
45422142741200,585.0249485008011,77.76699473563747,0,1,1,17407,0
45422158949200,585.9038681620508,78.82902265964753,0,1,1,19967,0
45422175782500,586.6655985351339,79.78118562600139,0,1,1,21151,0
45422192093700,587.6031128404669,81.20943007553217,0,1,1,21439,0
45422209330300,588.9507896543831,83.37010757610437,0,1,1,21471,0
45422225116100,590.3570611123827,86.18997482261386,0,1,1,21439,0
45422243069900,591.9977111467155,90.54795147631035,0,1,1,21407,0
45422259652400,592.7594415197985,93.4044403753719,0,1,1,21343,0
45422275642700,593.4625772487983,96.51728084229796,0,1,1,21279,0
45422293166200,594.2243076218814,99.70336461432817,0,1,1,21279,0
45422309669000,595.279011215381,104.17120622568098,0,1,1,21279,0
45422327018900,595.9821469443808,106.62485694666975,0,1,1,21343,0
45422343839600,596.392309452964,108.3460746166171,0,1,1,21599,0
45422359905900,596.5094987411306,109.40810254062717,0,1,1,22143,0
45422376005000,596.6852826733806,110.47013046463724,0,1,1,22623,0
45422393158400,596.8610666056305,111.2758068207828,0,1,1,22719,0
45422409136600,597.0368505378805,112.08148317692837,0,1,1,23167,0
45422426971300,597.1540398260471,112.52094300755323,0,1,1,23839,0
45422442016700,597.1540398260471,112.70405127031358,0,1,1,24831,0
45422460476000,597.0368505378805,112.59418631265737,0,1,1,25343,0
45422476273000,597.0368505378805,112.33783474479287,0,1,1,25183,0
45422494975900,596.8024719615472,111.5321583886473,0,1,1,25055,0
45422509890000,596.392309452964,110.03067063401238,0,1,1,25023,0
45422526880400,595.5133897917143,106.00228885328454,0,1,1,25087,0
45422542388200,595.1032272831311,102.12039368276498,0,1,1,25087,0
45422557880900,594.8102540627145,97.46944380865182,0,1,1,24991,0
45422578042700,594.9274433508812,92.15930418860148,0,1,1,24991,0
45422593503000,595.8649576562142,84.32227054245823,0,1,1,24927,0
45422610089800,597.2126344701304,79.70794232089725,0,1,1,24767,0
45422626182500,599.2634470130464,75.78942549782562,0,1,1,24735,0
45422644608400,602.0173952849622,72.85969329365992,0,1,1,24703,0
45422660131400,606.646372167544,71.358205539025,0,1,1,24447,0
45422677262000,609.2831311512931,72.2371252002747,0,1,1,24191,0
45422692786300,611.6855115587091,74.47104600595105,0,1,1,24191,0
45422710345400,613.6777294575418,77.65712977798125,0,1,1,24223,0
45422725466000,615.5527580682078,83.18699931334402,0,1,1,24287,0
45422735759300,616.2558937972076,87.25200274662393,0,1,1,24287,0
45422745769700,616.6074616617075,89.22957198443578,0,1,1,24287,0
45422759313000,617.0176241702907,91.17051956969556,0,1,1,24287,0
45422769316900,618.1309224078736,94.72281986724647,0,1,1,24255,0
45422779380000,619.1856260013733,97.76241702906839,0,1,1,24223,0
45422794263200,619.1856260013733,97.76241702906839,0,1,1,24223,0
45422809571900,620.8848706797894,100.87525749599456,0,1,1,24191,0
45422819575500,621.8223849851224,102.01052872510877,0,1,1,24127,0
45422829574800,622.2911421377889,102.37674525062948,0,1,1,23999,0
45422842097900,622.6427100022888,102.7429617761502,0,1,1,23903,0
45422852106100,623.6388189517052,103.18242160677505,0,1,1,23647,0
45422862105200,624.8693064774548,103.2556649118792,0,1,1,23615,0
45422875167100,625.7482261387045,103.2556649118792,0,1,1,23615,0
45422885170200,627.9748226138704,102.7429617761502,0,1,1,23615,0
45422895174400,629.1467154955367,102.30350194552534,0,1,1,23583,0
45422909363800,630.2014190890363,101.68093385214013,0,1,1,23583,0
45422919609600,631.9006637674524,99.95971618219278,0,1,1,23711,0
45422929634000,633.4241245136186,97.76241702906839,0,1,1,23743,0
45422942377200,634.1858548867017,96.40741588464175,0,1,1,23775,0
45422952385100,636.0022888532844,93.22133211261155,0,1,1,23999,0
45422963227400,636.7640192263675,91.53673609521627,0,1,1,23999,0
45422976493900,637.408560311284,89.55916685740442,0,1,1,24063,0
45422986502300,638.2874799725337,85.56740672922865,0,1,1,24479,0
45422996711800,638.5804531929502,81.83199816891738,0,1,1,24607,0
45423008685900,638.4632639047836,80.25726710917831,0,1,1,24639,0
45423018764900,638.2874799725337,78.71915770199132,0,1,1,24767,0
45423028754800,637.8187228198672,76.22888532845047,0,1,1,24863,0
45423043212100,637.5843442435339,75.34996566720076,0,1,1,24959,0
45423053222200,636.9398031586175,73.92172121766998,0,1,1,25055,0
45423063240000,636.3538567177843,73.04280155642027,0,1,1,25087,0
45423075943800,636.0608834973677,72.67658503089956,0,1,1,25151,0
45423085940400,635.7093156328679,72.42023346303506,0,1,1,25247,0
45423095946300,635.5335317006179,72.42023346303506,0,1,1,25311,0
45423109994000,635.357747768368,72.60334172579542,0,1,1,25311,0
45423120001000,634.7132066834515,73.22590981918063,0,1,1,24895,0
45423130000200,634.3030441748683,73.84847791256584,0,1,1,24447,0
45423143582100,633.6585030899519,74.47104600595105,0,1,1,24159,0
45423153852100,631.6076905470359,76.77821011673154,0,1,1,22975,0
45423163852700,631.080338750286,77.4740215152209,0,1,1,22303,0
45423176142400,630.6115815976195,78.02334630350197,0,1,1,21823,0
45423186143700,630.3772030212863,78.90226596475168,0,1,1,19039,0
45423196387600,630.2600137331196,79.15861753261618,0,1,1,16511,0
45423229948100,630.3772030212863,79.45159075303275,0,1,1,13408,0
45423245293600,630.3772030212863,79.45159075303275,0,1,1,13408,0
45423261010500,631.1975280384527,79.6346990157931,0,1,0,0,0
45423278313700,630.8459601739528,79.6346990157931,0,1,0,0,0
45423294127900,630.8459601739528,80.58686198214696,0,1,0,0,0
45423312578500,630.9045548180361,81.57564660105288,0,1,0,0,0
45423328095200,630.5529869535362,82.5644312199588,0,1,0,0,0
45423344343200,629.1467154955367,83.80956740672923,0,1,0,0,0
45423360580400,626.9201190203707,85.67727168688486,0,1,0,0,0
45423377836100,621.939574273289,89.74227512016478,0,1,0,0,0
45423394848000,617.7793545433738,93.22133211261155,0,1,0,0,0
45423411192800,613.5019455252918,97.21309224078732,0,1,0,0,0
45423427694300,609.9276722362096,101.31471732661942,0,1,0,0,0
45423444116800,606.0018310826275,107.54039826047153,0,1,0,0,0
45423461762200,604.3025864042114,111.5321583886473,0,1,0,0,0
45423478219500,602.7205310139619,115.15770199130236,0,1,0,0,0
45423495707800,599.9079880979629,119.99176012817577,0,1,0,0,0
45423510551200,597.6813916227969,123.80041199359118,0,1,0,0,0
45423527386600,595.1032272831311,128.15838864728767,0,1,0,0,0
45423544909100,592.5836575875486,132.15014877546344,0,1,0,0,0
45423561145100,590.1226825360494,136.58136873426406,0,1,0,0,0
45423576280400,590.1226825360494,138.63218127718017,0,1,0,0,0
45423591903600,591.0016021972991,140.60975051499202,0,1,0,0,0
45423611612400,592.1734950789654,142.62394140535594,0,1,0,0,0
45423629171500,593.1110093842984,144.23529411764707,0,1,0,0,0
45423644819800,593.7555504692149,145.04097047379264,0,1,0,0,0
45423661214500,593.9899290455481,144.85786221103228,0,1,0,0,0
45423677717400,594.6344701304646,144.67475394827193,0,1,0,0,0
45423694798900,595.3376058594644,144.49164568551157,0,1,0,0,0
45423711405800,595.9821469443808,144.23529411764707,0,1,0,0,0
45423728151000,596.392309452964,142.9169146257725,0,1,0,0,0
45423746771700,596.5094987411306,141.74502174410623,0,1,0,0,0
45423761906000,596.5094987411306,140.79285877775237,0,1,0,0,0
45423778504500,596.568093385214,140.17029068436716,0,1,0,0,0
45423794141200,596.8610666056305,139.8773174639506,0,1,0,0,0
45423811468800,596.8610666056305,139.8773174639506,0,1,0,0,0
45423827250500,596.6852826733806,139.69420920119023,0,1,0,0,0
45423843779100,596.392309452964,139.07164110780502,0,1,0,0,0
45423858842700,596.0407415884641,138.37582970931567,0,1,1,17151,0
45423875720100,596.0407415884641,138.30258640421152,0,1,1,24351,0
45423893403300,596.1579308766308,138.30258640421152,0,1,1,29599,0
45423909970900,596.3337148088807,138.30258640421152,0,1,1,32511,0
45423926650400,596.392309452964,138.30258640421152,0,1,1,35493,0
45423943844200,596.392309452964,138.37582970931567,0,1,1,37673,0
45423959814900,596.392309452964,138.37582970931567,0,1,1,37705,0
45423977022100,596.392309452964,138.37582970931567,0,1,1,33922,0
45423992331200,597.2126344701304,138.92515449759674,0,1,1,11520,0
45424012163100,598.3845273517967,139.8773174639506,0,1,0,0,0
45424028544000,599.7907988097962,140.68299382009616,0,1,0,0,0
45424044624800,603.1892881666284,141.122453650721,0,1,0,0,0
45424063008600,609.9276722362096,141.23231860837723,0,1,0,0,0
45424076617900,620.064545662623,140.68299382009616,0,1,0,0,0
45424094520400,642.9750514991989,137.3138017853056,0,1,0,0,0
45424111539500,662.1355001144426,132.51636530098415,0,1,0,0,0
45424127647400,679.7724879835203,125.5582513160906,0,1,0,0,0
45424145211000,700.1634241245135,113.8393224994278,0,1,0,0,0
45424161437300,710.8276493476768,106.73472190432597,0,1,0,0,0
45424178205100,719.3238727397573,100.58228427557799,0,1,0,0,0
45424195340100,724.5973907072556,95.27214465552754,0,1,0,0,0
45424209912300,725.1247425040054,89.48592355230028,0,1,0,0,0
45424220210400,722.3121995880064,87.17875944151979,0,1,0,0,0
45424230204200,720.4957656214236,86.37308308537422,0,1,0,0,0
45424244273100,718.7965209430075,85.67727168688486,0,1,0,0,0
45424260878800,715.8081940947585,84.68848706797894,0,1,0,0,0
45424278149400,713.0542458228427,83.44335088120852,0,1,0,0,0
45424295063400,712.5854886701762,82.63767452506295,0,1,0,0,0
45424310727800,712.9370565346761,81.75875486381324,0,1,0,0,0
45424321194800,714.2847333485923,80.87983520256353,0,1,0,0,0
45424331622700,715.8667887388418,79.8910505836576,0,1,0,0,0
45424344918000,715.8667887388418,79.8910505836576,0,1,0,0,0
45424359568700,717.214465552758,78.46280613412682,0,1,0,0,0
45424369568500,717.3316548409247,77.95010299839782,0,1,0,0,0
45424379575300,717.214465552758,77.95010299839782,0,1,0,0,0
45424393541000,717.214465552758,77.95010299839782,0,1,0,0,0
45424403569600,717.3316548409247,78.20645456626232,0,1,0,0,0
45424413558600,717.6832227054246,78.71915770199132,0,1,0,0,0
45424426129400,718.0347905699244,79.08537422751203,0,1,0,0,0
45424436139700,718.3863584344243,79.52483405813689,0,1,0,0,0
45424446146100,719.265278095674,80.58686198214696,0,1,0,0,0
45424460756900,719.7340352483405,81.31929503318838,0,1,0,0,0
45424470764700,720.7887388418402,82.8207827878233,0,1,0,0,0
45424481372200,721.8434424353399,84.43213550011444,0,1,0,0,0
45424494200100,722.0192263675898,85.05470359349965,0,1,0,0,0
45424504207900,721.9020370794232,86.29983978027008,0,1,0,0,0
45424514204700,721.5504692149233,86.81254291599907,0,1,0,0,0
45424526021200,721.1403067063401,87.43511100938429,0,1,0,0,0
45424536021400,719.441062027924,89.85214007782099,0,1,0,0,0
45424546032300,719.265278095674,90.4747081712062,0,1,0,0,0
45424561446700,719.0894941634241,90.9874113069352,0,1,0,0,0
45424572110400,718.7379262989242,94.10025177386126,0,1,0,0,0
45424582107200,718.6207370107576,95.16227969787133,0,1,0,0,0
45424593808500,718.3863584344243,96.07782101167311,0,1,0,0,0
45424604746800,717.5660334172579,96.8468757152666,0,1,0,0,0
45424614747800,716.9214923323415,97.02998397802696,0,1,0,0,0
45424628025100,716.5113298237583,97.13984893568318,0,1,0,0,0
45424638032000,715.6324101625086,97.21309224078732,0,1,0,0,0
45424648034700,715.163653009842,97.57930876630803,0,1,0,0,0
45424659834600,714.9878690775921,97.76241702906839,0,1,0,0,0
45424669844500,714.7534905012589,97.76241702906839,0,1,0,0,0
45424679846700,714.5777065690089,97.65255207141217,0,1,0,0,0
45424712237600,714.3433279926757,97.39620050354767,0,1,0,0,0
45424729485500,714.3433279926757,97.39620050354767,0,1,0,0,0
45424743873800,714.3433279926757,97.39620050354767,0,1,0,0,0
45424759224000,714.3433279926757,95.27214465552754,0,1,1,9760,0
45424776049700,714.6363012130922,95.63836118104825,0,1,1,13856,0
45424794425000,715.5152208743419,96.40741588464175,0,1,1,16927,0
45424811551600,717.3316548409247,98.27512016479739,0,1,1,19519,0
45424828017100,721.8434424353399,102.55985351338984,0,1,1,23167,0
45424843823100,725.593499656672,105.9290455481804,0,1,1,24063,0
45424865135800,729.4021515220874,109.73769741359581,0,1,1,24415,0
45424878255600,729.4021515220874,109.73769741359581,0,1,1,24415,0
45424895848200,738.4843213550012,121.12703135728998,0,1,1,24447,0
45424912531000,741.9414053559167,126.10757610437167,0,1,1,24383,0
45424928794600,745.5742732890822,131.71068894483858,0,1,1,24159,0
45424945776700,750.7891966124971,141.04921034561687,0,1,1,23423,0
45424962585100,753.1329823758297,146.72556649118792,0,1,1,23199,0
45424978323900,754.4806591897459,151.19340810254062,0,1,1,23199,0
45424995588800,755.0080109864957,154.19638361181046,0,1,1,23423,0
45425013625200,755.0080109864957,156.92469672693983,0,1,1,24383,0
45425030105500,754.8322270542458,158.27969787136647,0,1,1,24639,0
45425045472400,754.5392538338292,159.23186083772032,0,1,1,25023,0
45425060674200,754.1876859693293,159.70794232089725,0,1,1,25151,0
45425079749700,753.6603341725795,159.59807736324103,0,1,1,24831,0
45425097356100,751.9610894941634,158.79240100709546,0,1,1,23519,0
45425112601000,750.2618448157473,157.65712977798125,0,1,1,22975,0
45425129367300,748.6211947814145,156.04577706569012,0,1,1,22815,0
45425145941200,746.9219501029984,154.12314030670632,0,1,1,22751,0
45425163730000,744.5195696955825,150.27786678873883,0,1,1,23135,0
45425180873800,742.9961089494163,146.72556649118792,0,1,1,23743,0
45425195502500,741.6484321355001,142.11123826962694,0,1,1,24159,0
45425211696100,740.4179446097505,136.58136873426406,0,1,1,24543,0
45425227483000,739.1874570840009,130.0260929274433,0,1,1,25279,0
45425246378100,737.1952391851682,117.83108262760356,0,1,1,25567,0
45425262257400,735.6131837949188,108.96864271000231,0,1,1,25695,0
45425279304300,734.0897230487526,99.19066147859917,0,1,1,25791,0
45425294708500,732.6834515907531,89.30281528953992,0,1,1,25887,0
45425312629000,730.456855115587,75.89929045548183,0,1,1,26047,0
45425330285800,729.1091783016708,68.31860837720308,0,1,1,26111,0
45425346555100,727.644312199588,61.763332570382204,0,1,1,26079,0
45425362042300,726.1208514534218,56.23346303501944,0,1,1,26079,0
45425378469500,724.8903639276722,52.150148775463435,0,1,1,25631,0
45425396716600,723.2497138933394,48.744335088120806,0,1,1,25343,0
45425412097400,722.5465781643396,47.79217212176695,0,1,1,25023,0
45425428265500,722.0778210116731,47.16960402838174,0,1,1,24575,0
45425444634200,721.9020370794232,46.80338750286103,0,1,1,24159,0
45425461143400,721.8434424353399,46.80338750286103,0,1,1,24223,0
45425480287800,721.7262531471732,47.242847333485884,0,1,1,24063,0
45425496181700,721.6676585030899,48.48798352025631,0,1,1,23615,0
45425512416900,721.5504692149233,52.22339208056758,0,1,1,22943,0
45425529320200,721.6676585030899,55.77569237811849,0,1,1,22559,0
45425546615000,721.7262531471732,60.335088120851424,0,1,1,21887,0
45425562507200,722.0778210116731,65.68184939345394,0,1,1,21727,0
45425579309600,722.8395513847562,71.17509727626464,0,1,1,21503,0
45425596569700,724.304417486839,78.38956282902268,0,1,1,21471,0
45425614274100,725.4763103685053,82.45456626230259,0,1,1,21439,0
45425631226000,726.531013962005,86.11673151750972,0,1,1,21439,0
45425643481800,728.1716639963378,90.29159990844585,0,1,1,21343,0
45425660024200,729.1091783016708,92.15930418860148,0,1,1,21311,0
45425681626200,729.8123140306706,93.47768368047605,0,1,1,21215,0
45425696271600,730.3982604715037,94.21011673151747,0,1,1,21183,0
45425711763700,730.632639047837,94.53971160448611,0,1,1,21119,0
45425728300800,730.9256122682535,94.90592813000683,0,1,1,21055,0
45425746128400,731.3357747768368,95.34538796063168,0,1,1,20543,0
45425761742800,731.8045319295034,95.9679560540169,0,1,1,20031,0
45425780470600,732.3318837262532,96.5905241474021,0,1,1,19743,0
45425795004200,732.8006408789197,96.95674067292282,0,1,1,19231,0
45425811436300,733.1522087434196,96.51728084229796,0,1,1,18847,0
45425829434000,733.6795605401694,95.52849622339204,0,1,1,19071,0
45425846429300,734.7342641336691,94.21011673151747,0,1,1,19071,0
45425862572100,736.2577248798352,92.85511558709084,0,1,1,19423,0
45425878367800,739.4218356603342,92.04943923094527,0,1,1,19967,0
45425894982300,741.6484321355001,92.85511558709084,0,1,1,20255,0
45425912234000,743.9922178988327,94.28336003662162,0,1,1,20383,0
45425928250500,746.2188143739986,96.26092927443347,0,1,1,20543,0
45425945811400,748.0352483405813,98.3849851224536,0,1,1,20799,0
45425962554700,749.7344930189975,101.31471732661942,0,1,1,21503,0
45425979774000,750.3790341039139,103.07255664911884,0,1,1,21631,0
45425996035200,751.1993591210803,105.05012588693069,0,1,1,21695,0
45426012984900,752.4298466468299,107.86999313344018,0,1,1,22143,0
45426028336000,752.9571984435797,109.59121080338753,0,1,1,22463,0
45426047122800,753.3087663080796,110.83634699015795,0,1,1,22495,0
45426062016100,753.6603341725795,111.71526665140766,0,1,1,22463,0
45426080217400,754.0119020370794,112.41107804989701,0,1,1,22495,0
45426094963400,754.304875257496,113.21675440604258,0,1,1,24095,0
45426111889100,754.1876859693293,113.39986266880294,0,1,1,24639,0
45426128070400,754.1876859693293,113.65621423666744,0,1,1,24831,0
45426145843100,754.1876859693293,113.8393224994278,0,1,1,24799,0
45426161792700,754.129091325246,113.76607919432365,0,1,1,25215,0
45426179545000,753.9533073929961,113.5829709315633,0,1,1,25407,0
45426195680300,753.6603341725795,112.85053788052187,0,1,1,25407,0
45426214462700,753.1329823758297,111.16594186312659,0,1,1,25599,0
45426228322900,751.9610894941634,107.10093842984668,0,1,1,25983,0
45426245631500,751.3751430533302,103.80498970016026,0,1,1,26015,0
45426262827300,751.1993591210803,99.88647287708864,0,1,1,26367,0
45426279140100,751.5509269855802,95.63836118104825,0,1,1,26655,0
45426295385400,752.4884412909132,91.79308766308077,0,1,1,26591,0
45426311745400,754.7150377660791,88.0576791027695,0,1,1,26559,0
45426328310700,756.5900663767452,86.99565117875943,0,1,1,26719,0
45426332008900,757.6447699702449,86.92240787365529,0,1,1,26719,0
45426345857500,758.8166628519111,87.10551613641564,0,1,1,26719,0
45426364613500,761.2190432593271,88.24078736552985,0,1,1,26431,0
45426377644000,764.2659647516595,90.91416800183106,0,1,1,26271,0
45426387686400,765.496452277409,93.1480888075074,0,1,1,26335,0
45426397683000,766.0238040741589,94.53971160448611,0,1,1,26335,0
45426412725900,766.4339665827421,96.15106431677725,0,1,1,26335,0
45426422952300,768.1332112611582,102.12039368276498,0,1,1,26303,0
45426432953900,768.7777523460746,104.24444953078512,0,1,1,26303,0
45426444635400,769.4808880750744,106.47837033646147,0,1,1,26335,0
45426454656700,770.6527809567407,110.36026550698102,0,1,1,26431,0
45426464655800,771.0629434653239,112.22796978713666,0,1,1,26431,0
45426478903600,771.4145113298238,114.02243076218815,0,1,1,26495,0
45426488906600,771.8832684824903,116.95216296635385,0,1,1,26815,0
45426499271100,772.0590524147402,118.89311055161363,0,1,1,28223,0
45426511665600,772.0590524147402,119.36919203479056,0,1,1,29023,0
45426521676400,772.0004577706569,119.80865186541541,0,1,1,29567,0
45426531685800,772.0004577706569,119.80865186541541,0,1,1,29567,0
45426544934100,772.0004577706569,119.80865186541541,0,1,1,29343,0
45426555162600,771.8832684824903,119.51567864499884,0,1,1,29119,0
45426565166700,771.7660791943237,119.00297550926985,0,1,1,29151,0
45426578197800,771.4145113298238,117.13527122911421,0,1,1,29247,0
45426588209100,771.0629434653239,115.78027008468757,0,1,1,29279,0
45426598961700,770.3598077363241,112.22796978713666,0,1,1,29631,0
45426612037700,770.1254291599909,110.28702220187688,0,1,1,29695,0
45426622048800,769.8324559395743,106.29526207370111,0,1,1,29791,0
45426632056000,769.9496452277409,104.24444953078512,0,1,1,29855,0
45426645476800,770.6527809567407,100.06958113984899,0,1,1,29951,0
45426655717800,772.0590524147402,95.89471274891275,0,1,1,30015,0
45426665712500,773.0551613641566,93.9171435111009,0,1,1,30047,0
45426677503200,774.1098649576562,92.15930418860148,0,1,1,30047,0
45426687505300,776.5708400091554,89.66903181506063,0,1,1,30047,0
45426697508500,777.9185168230716,88.93659876401921,0,1,1,29951,0
45426712180400,779.1490043488212,88.42389562829021,0,1,1,29791,0
45426722192600,781.4927901121538,88.314030670634,0,1,1,29503,0
45426732192800,783.4264133669031,89.41268024719614,0,1,1,29375,0
45426744940300,784.4225223163195,90.29159990844585,0,1,1,29311,0
45426754943500,786.1803616388189,92.85511558709084,0,1,1,29311,0
45426764948300,787.0592813000686,94.39322499427783,0,1,1,29375,0
45426779211200,787.8210116731517,96.07782101167311,0,1,1,29407,0
45426789213400,788.8757152666514,100.06958113984899,0,1,1,29375,0
45426799214600,789.5788509956511,104.68390936140997,0,1,1,29247,0
45426812090800,789.8132295719844,107.17418173495082,0,1,1,29055,0
45426822187100,790.1647974364843,111.71526665140766,0,1,1,28991,0
45426832178300,790.2819867246509,113.5829709315633,0,1,1,28991,0
45426845763400,790.3991760128175,115.08445868619822,0,1,1,28991,0
45426855763100,790.4577706569008,116.69581139848935,0,1,1,29023,0
45426866177200,790.5749599450675,116.95216296635385,0,1,1,29023,0
45426894016300,790.7507438773174,117.20851453421835,0,1,1,28895,0
45426913519500,790.7507438773174,117.20851453421835,0,1,1,28895,0
45426930592400,790.7507438773174,117.20851453421835,0,1,1,28895,0
45426947821200,790.7507438773174,117.20851453421835,0,1,1,28895,0
45426964839700,790.7507438773174,117.20851453421835,0,1,1,28895,0
45426980692100,790.7507438773174,117.20851453421835,0,1,1,28895,0
45426997029000,791.6882581826505,103.43877317463955,0,1,1,28863,0
45427012543600,791.8054474708172,99.70336461432817,0,1,1,28895,0
45427031685000,791.8640421149005,95.34538796063168,0,1,1,28639,0
45427048545600,791.9812314030671,93.77065690089262,0,1,1,28351,0
45427062760900,792.0398260471504,93.29457541771569,0,1,1,28319,0
45427080816100,791.9812314030671,93.29457541771569,0,1,1,28639,0
45427096022700,791.9812314030671,93.58754863813226,0,1,1,28927,0
45427114251300,792.2156099794004,95.34538796063168,0,1,1,28447,0
45427130253100,792.6843671320669,98.45822842755774,0,1,1,28287,0
45427147119200,793.8562600137332,102.44998855573363,0,1,1,28223,0
45427163423200,795.321126115816,105.85580224307625,0,1,1,28191,0
45427180009100,798.309452964065,109.66445410849167,0,1,1,27967,0
45427198323900,800.6532387273976,111.97161821927216,0,1,1,27839,0
45427213331800,803.6415655756466,114.0956740672923,0,1,1,27711,0
45427230337900,806.3662165255207,115.78027008468757,0,1,1,27647,0
45427246310600,808.65140764477,116.7690547035935,0,1,1,27391,0
45427264087700,809.5303273060197,116.87891966124971,0,1,1,27135,0
45427280078600,810.4092469672694,116.95216296635385,0,1,1,26751,0
45427295431500,811.6983291371023,116.95216296635385,0,1,1,26399,0
45427312489600,812.4600595101854,116.7690547035935,0,1,1,26079,0
45427329048500,812.9874113069352,116.40283817807278,0,1,1,25951,0
45427346150700,813.6319523918517,115.70702677958343,0,1,1,25727,0
45427364267300,814.5108720531014,113.47310597390708,0,1,1,25823,0
45427380318100,815.0382238498512,111.16594186312659,0,1,1,26239,0
45427397174300,815.3311970702678,108.16296635385675,0,1,1,27231,0
45427414597000,815.3311970702678,104.50080109864962,0,1,1,28127,0
45427430495400,814.9796292057679,100.14282444495313,0,1,1,29311,0
45427447471500,814.5108720531014,95.34538796063168,0,1,1,30015,0
45427464045100,814.1007095445182,88.24078736552985,0,1,1,31263,0
45427480214100,814.1593041886015,84.06591897459373,0,1,1,31647,0
45427497445800,814.8624399176013,80.51361867704281,0,1,1,32159,0
45427513727000,817.0304417486839,76.15564202334633,0,1,1,32479,0
45427530784500,818.6710917830167,73.92172121766998,0,1,1,32543,0
45427545910800,820.4875257495994,72.16388189517056,0,1,1,32703,0
45427564771100,822.5969329365987,71.17509727626464,0,1,1,32960,0
45427581061000,825.643854428931,70.91874570840014,0,1,1,33153,0
45427596973100,829.3353170061798,71.24834058136878,0,1,1,33153,0
45427613909400,835.2533760585945,73.48226138704513,0,1,1,32639,0
45427632353100,838.5346761272604,76.22888532845047,0,1,1,32319,0
45427648411900,840.8198672465096,79.8910505836576,0,1,1,31871,0
45427664514100,842.1675440604258,83.80956740672923,0,1,1,30271,0
45427680089200,842.6948958571757,88.24078736552985,0,1,1,23679,0
45427697167000,841.6987869077593,89.74227512016478,0,1,0,0,0
