host_timestamp,x,y,z,in_range,touch,pressure,reset
575726755703700,-67.0,669.0,0,0,0,0,0
575726781414600,-67.0,669.0,0,0,0,0,0
575726799216300,-67.0,669.0,0,0,0,0,0
575726818192000,-67.0,669.0,0,0,0,0,0
575726832929000,-67.0,669.0,0,0,0,0,0
575726850450300,-67.0,669.0,0,0,0,0,0
575726866723500,-67.0,669.0,0,0,0,0,0
575726884620400,-67.0,669.0,0,0,0,0,0
575726900881900,-67.0,669.0,0,0,0,0,0
575726917919500,-67.0,669.0,0,0,0,0,0
575726933396900,-67.0,669.0,0,0,0,0,0
575726951722300,-67.0,669.0,0,0,0,0,0
575726967144400,-67.0,669.0,0,0,0,0,0
575726984502800,-67.0,669.0,0,0,0,0,0
575727000955600,-67.0,669.0,0,0,0,0,0
575727016639200,-67.0,669.0,0,0,0,0,0
575727032596800,-67.0,669.0,0,0,0,0,0
575727050543500,-67.0,669.0,0,0,0,0,0
575727065671400,-67.0,669.0,0,0,0,0,0
575727083125000,-67.0,669.0,0,0,0,0,0
575727099523000,-67.0,669.0,0,0,0,0,0
575727116608100,-67.0,669.0,0,0,0,0,0
575727132348400,-67.0,669.0,0,0,0,0,0
575727151132200,-67.0,669.0,0,0,0,0,0
575727165665500,-67.0,669.0,0,0,0,0,0
575727183636800,-67.0,669.0,0,0,0,0,0
575727198688100,-67.0,669.0,0,0,0,0,0
575727215131800,-67.0,669.0,0,0,0,0,0
575727234240300,-67.0,669.0,0,0,0,0,0
575727249558600,-67.0,669.0,0,0,0,0,0
575727266877100,-67.0,669.0,0,0,0,0,0
575727283532600,-67.0,669.0,0,0,0,0,0
575727300500600,-67.0,669.0,0,0,0,0,0
575727315887700,-67.0,669.0,0,0,0,0,0
575727332859000,-67.0,669.0,0,0,0,0,0
575727349064000,-67.0,669.0,0,0,0,0,0
575727365529400,-67.0,669.0,0,0,0,0,0
575727382622900,-67.0,669.0,0,0,0,0,0
575727399365200,-67.0,669.0,0,0,0,0,0
575727415492100,-67.0,669.0,0,0,0,0,0
575727432687600,-67.0,669.0,0,0,0,0,0
575727449000400,-67.0,669.0,0,0,0,0,0
575727465541300,-67.0,669.0,0,0,0,0,0
575727482603800,-67.0,669.0,0,0,0,0,0
575727498272000,-67.0,669.0,0,0,0,0,0
575727515880300,-67.0,669.0,0,0,0,0,0
575727532513100,-67.0,669.0,0,0,0,0,0
575727549375300,-67.0,669.0,0,0,0,0,0
575727565382000,-67.0,669.0,0,0,0,0,0
575727583489400,-67.0,669.0,0,0,0,0,0
575727598759300,-67.0,669.0,0,0,0,0,0
575727615920800,-67.0,669.0,0,0,0,0,0
575727631689300,-67.0,669.0,0,0,0,0,0
575727647859600,-67.0,669.0,0,0,0,0,0
575727665071300,-67.0,669.0,0,0,0,0,0
575727682978900,-67.0,669.0,0,0,0,0,0
575727699183000,-67.0,669.0,0,0,0,0,0
575727716609200,-67.0,669.0,0,0,0,0,0
575727731360600,-67.0,669.0,0,0,0,0,0
575727748862600,-67.0,669.0,0,0,0,0,0
575727765548700,-67.0,669.0,0,0,0,0,0
575727782588400,-67.0,669.0,0,0,0,0,0
575727798559000,-67.0,669.0,0,0,0,0,0
575727814805400,-67.0,669.0,0,0,0,0,0
575727831452200,-67.0,669.0,0,0,0,0,0
575727848191600,-67.0,669.0,0,0,0,0,0
575727864903100,-67.0,669.0,0,0,0,0,0
575727882266800,-67.0,669.0,0,0,0,0,0
575727898747700,-67.0,669.0,0,0,0,0,0
575727914825500,-67.0,669.0,0,0,0,0,0
575727931148500,-67.0,669.0,0,0,0,0,0
575727947873500,-67.0,669.0,0,0,0,0,0
575727965657700,-67.0,669.0,0,0,0,0,0
575727981451300,-67.0,669.0,0,0,0,0,0
575727999157900,-67.0,669.0,0,0,0,0,0
575728014176300,-67.0,669.0,0,0,0,0,0
575728024175200,-67.0,669.0,0,0,0,0,0
575728034179800,-67.0,669.0,0,0,0,0,0
575728047517800,-67.0,669.0,0,0,0,0,0
575728057650200,-67.0,669.0,0,0,0,0,0
575728067647000,-67.0,669.0,0,0,0,0,0
575728081095600,-67.0,669.0,0,0,0,0,0
575728091108000,-67.0,669.0,0,0,0,0,0
575728101679300,-67.0,669.0,0,0,0,0,0
575728114610900,-67.0,669.0,0,0,0,0,0
575728124616300,-67.0,669.0,0,0,0,0,0
575728135234300,-67.0,669.0,0,0,0,0,0
575728147866200,-67.0,669.0,0,0,0,0,0
575728157869100,-67.0,669.0,0,0,0,0,0
575728167873000,-67.0,669.0,0,0,0,0,0
575728182151100,-67.0,669.0,0,0,0,0,0
575728198435000,-67.0,669.0,0,0,0,0,0
575728214880200,-67.0,669.0,0,0,0,0,0
575728224848200,-67.0,669.0,0,0,0,0,0
575728234851100,-67.0,669.0,0,0,0,0,0
575728247973700,-67.0,669.0,0,0,0,0,0
575728257976200,-67.0,669.0,0,0,0,0,0
575728267979800,-67.0,669.0,0,0,0,0,0
575728281930300,-67.0,669.0,0,0,0,0,0
575728301239100,413.79835202563515,103.36026550698102,0,1,0,0,0
575728317450800,417.54840924696725,103.10391393911652,0,1,0,0,0
575728332654400,420.5953307392996,102.48134584573131,0,1,0,0,0
575728350151000,423.5836575875486,100.3206683451591,0,1,0,0,0
575728367584600,425.40009155413134,96.58525978484772,0,1,0,0,0
575728383805600,426.9821469443808,90.21309224078732,0,1,0,0,0
575728399908400,428.1540398260472,86.47768368047605,0,1,0,0,0
575728417529000,429.4431219958801,82.81551842526892,0,1,0,0,0
575728431135000,430.90798809796297,78.6406500343328,0,1,0,0,0
575728441137600,431.61112382696274,73.22064545662624,0,1,0,0,0
575728451143000,431.7869077592127,66.5005722133211,0,1,0,0,0
575728466060900,431.66971847104605,62.83840695811398,0,1,0,0,0
575728483178500,431.66971847104605,55.47745479514765,0,1,0,0,0
575728499331300,431.845502403296,48.70244907301435,0,1,0,0,0
575728515789300,432.1970702677959,43.5387960631723,0,1,0,0,0
575728532115900,432.13847562371257,39.54703593499653,0,1,0,0,0
575728535841400,431.9626916914626,38.74135957885096,0,1,0,0,0
575728549896200,431.61112382696274,38.11879148546575,0,1,0,0,0
575728566231300,431.0837720302129,37.31311512932018,0,1,0,0,0
575728582272000,430.2634470130465,36.80041199359118,0,1,0,0,0
575728592936400,428.0368505378806,36.544060425726684,0,1,0,0,0
575728602929400,426.8649576562142,36.544060425726684,0,1,0,0,0
575728617484700,425.45868619821465,36.61730373083083,0,1,0,0,0
575728633029900,422.0016021972991,36.873655298695326,0,1,0,0,0
575728649697400,417.8413824673838,37.166628519111896,0,1,0,0,0
575728665099200,411.42526894026093,37.78919661249711,0,1,0,0,0
575728669760300,409.43305104142826,38.11879148546575,0,1,0,0,0
575728681204900,407.38223849851227,38.48500801098646,0,1,0,0,0
575728691553600,403.45639734493017,39.29068436713203,0,1,0,0,0
575728702051900,401.4055848020142,39.730144197756886,0,1,0,0,0
575728715062600,399.3547722590982,39.91325246051724,0,1,0,0,0
575728725071900,394.7257953765164,40.16960402838174,0,1,0,0,0
575728735284000,389.92103456168456,40.535820553902454,0,1,0,0,0
575728748198200,387.6358434424353,40.71892881666281,0,1,0,0,0
575728759362800,383.18265049210345,41.04852368963145,0,1,0,0,0
575728769360300,381.07324330510414,41.158388647287666,0,1,0,0,0
575728782820200,378.8466468299382,41.23163195239181,0,1,0,0,0
575728792826500,374.27626459143966,41.52460517280838,0,1,0,0,0
575728803088600,369.0613412680247,41.964065003433234,0,1,0,0,0
575728818617100,366.36598764019226,42.40352483405809,0,1,0,0,0
575728831684800,359.7447928587777,44.63744563973444,0,1,0,0,0
575728841689300,358.22133211261155,45.699473563744505,0,1,0,0,0
575728851693700,357.04943923094527,46.65163653009836,0,1,0,0,0
575728865659900,356.17051956969556,47.64042114900428,0,1,0,0,0
575728875662200,354.82284275577933,49.25177386129542,0,1,0,0,0
575728885936800,353.59235523002974,50.20393682764927,0,1,0,0,0
575728898030900,352.88921950102997,50.496910048065956,0,1,0,0,0
575728908612900,351.2485694666972,50.38704509040974,0,1,0,0,0
575728918614800,350.31105516136415,49.94758525978477,0,1,0,0,0
575728933258800,349.43213550011444,49.434882124055775,0,1,0,0,0
575728943265200,347.73289082169833,48.006637674524995,0,1,0,0,0
575728953266200,346.91256580453194,46.76150148775457,0,1,0,0,0
575728965392700,346.91256580453194,46.578393224994215,0,1,0,0,0
575728975392700,347.6157015335317,46.76150148775457,0,1,0,0,0
575728985468000,348.14305333028153,47.09109636072321,0,1,0,0,0
575728999018500,348.67040512703136,47.64042114900428,0,1,0,0,0
575729009052800,349.7837033646143,48.62920576791021,0,1,0,0,0
575729019052500,350.31105516136415,48.95880064087885,0,1,0,0,0
575729032351000,350.66262302586404,49.141908903639205,0,1,0,0,0
575729042962700,351.6587319752804,48.51934081025399,0,1,0,0,0
575729052962000,351.8345159075303,48.18974593728535,0,1,0,0,0
575729065856200,352.01029983978026,47.82352941176464,0,1,0,0,0
575729075858300,352.2446784161135,47.64042114900428,0,1,0,0,0
575729085858400,352.36186770428014,47.56717784390014,0,1,0,0,0
575729099642600,352.5962462806134,47.457312886243926,0,1,0,0,0
575729109837100,352.5962462806134,47.384069581139784,0,1,0,0,0
575729119840100,352.5376516365301,47.384069581139784,0,1,0,0,0
575729132764100,352.36186770428014,47.457312886243926,0,1,0,0,0
575729142765100,352.0688944838636,47.82352941176464,0,1,0,0,0
575729152790800,352.0688944838636,48.07988097962914,0,1,0,0,0
575729166976400,352.0688944838636,48.44609750514985,0,1,0,0,0
575729176982500,352.2446784161135,49.50812542915992,0,1,0,0,0
575729186997700,352.5376516365301,50.5701533531701,0,1,0,0,0
575729198888200,352.5962462806134,51.11947814145117,0,1,0,0,0
575729208894300,352.71343556878,51.99839780270088,0,1,0,0,0
575729218898700,352.71343556878,52.54772259098195,0,1,0,0,0
575729233407700,352.71343556878,52.80407415884645,0,1,0,0,0
575729243487600,352.5962462806134,53.4998855573358,0,1,0,0,0
575729253482000,352.71343556878,54.30556191348137,0,1,0,0,0
575729265348700,352.77203021286334,54.85488670176244,0,1,0,0,0
575729275582400,352.88921950102997,55.99015793087665,0,1,0,0,0
575729285529800,352.9478141451133,56.429617761501504,0,1,0,0,0
575729298393300,352.9478141451133,56.79583428702222,0,1,0,0,0
575729305707800,352.77203021286334,57.16205081254293,0,1,0,0,0
575729332945200,352.5962462806134,57.23529411764707,0,1,0,0,0
575729352064900,352.5962462806134,57.23529411764707,0,1,0,0,0
575729367555400,352.5962462806134,57.23529411764707,0,1,0,0,0
575729384526200,351.8345159075303,59.98191805905242,0,1,0,0,0
575729401391200,351.54154268711375,60.714351110093844,0,1,0,0,0
575729417453200,351.18997482261386,61.593270771343555,0,1,0,0,0
575729433478800,351.2485694666972,61.95948729686427,0,1,0,0,0
575729451250300,351.2485694666972,62.21583886472877,0,1,0,0,0
575729467861500,351.4243533989471,62.65529869535362,0,1,0,0,0
575729483742400,351.6587319752804,63.20462348363469,0,1,0,0,0
575729501152600,352.36186770428014,64.0835431448844,0,1,0,0,0
575729517174400,353.1235980773632,64.70611123826961,0,1,0,0,0
575729533871800,354.5884641794461,65.25543602655068,0,1,0,0,0
575729551115100,357.2252231631952,66.39070725566489,0,1,0,0,0
575729565014700,361.5612268253605,69.92469672693983,0,1,1,17631,0
575729581503000,361.5612268253605,69.92469672693983,0,1,1,17631,0
575729585066800,362.7331197070268,72.23186083772032,0,1,1,20127,0
575729598622800,362.6745250629435,72.08537422751203,0,1,1,21151,0
575729616118800,362.3815518425269,71.90226596475168,0,1,1,21503,0
575729633456100,362.3229571984436,72.08537422751203,0,1,1,16447,0
575729656016400,362.3229571984436,72.08537422751203,0,1,1,16447,0
575729667385400,362.3815518425269,73.6601052872511,0,1,0,0,0
575729683875400,361.0338750286107,74.64888990615702,0,1,0,0,0
575729704047500,358.7486839093614,74.39253833829252,0,1,0,0,0
575729720129000,356.8736552986953,72.59807736324103,0,1,0,0,0
575729733959700,357.40100709544515,69.66834515907533,0,1,0,0,0
575729751032500,360.1549553673609,69.22888532845047,0,1,0,0,0
575729767898200,363.7292286564431,70.84023804074161,0,1,0,0,0
575729785015400,366.131609063859,73.33051041428246,0,1,0,0,0
575729814473200,365.83863584344243,74.90524147402152,0,1,1,11968,0
575729814888500,365.83863584344243,74.90524147402152,0,1,1,11968,0
575729831820900,364.1393911650263,75.01510643167774,0,1,1,13216,0
575729852465400,363.7292286564431,75.01510643167774,0,1,1,12288,0
575729869947900,363.7292286564431,75.01510643167774,0,1,1,12288,0
575729886283000,363.7292286564431,75.01510643167774,0,1,1,12288,0
575729900709900,363.0846875715267,74.09956511787595,0,1,0,0,0
575729917811700,361.5612268253605,72.96429388876174,0,1,0,0,0
575729936814300,359.97917143511097,69.59510185397119,0,1,0,0,0
575729951800300,359.97917143511097,69.59510185397119,0,1,0,0,0
575729969062600,361.73701075761045,66.20759899290454,0,1,0,0,0
575729984002600,363.90501258869307,66.1343556878004,0,1,0,0,0
575730000426500,365.6042572671092,66.57381551842525,0,1,0,0,0
575730021410400,366.1902037079423,67.37949187457082,0,1,0,0,0
575730032095400,366.1902037079423,67.37949187457082,0,1,0,0,0
575730048774900,365.3112840466926,68.62462806134124,0,1,1,16831,0
575730066194400,364.60814831769284,68.8077363241016,0,1,1,20799,0
575730083093600,364.4323643854429,68.88097962920574,0,1,1,20607,0
575730116788800,364.4323643854429,68.99084458686195,0,1,1,14912,0
575730137627000,364.4323643854429,68.99084458686195,0,1,1,14912,0
575730153994200,364.4323643854429,68.99084458686195,0,1,1,14912,0
575730170436700,361.38544289311056,69.85145342183569,0,1,0,0,0
575730185125600,360.27214465552754,67.56260013733117,0,1,0,0,0
575730203476100,359.97917143511097,65.40192263675897,0,1,0,0,0
575730218687000,360.33073929961085,63.64408331425955,0,1,0,0,0
575730236264600,360.4479285877775,62.94827191577019,0,1,0,0,0
575730251892600,360.50652323186085,61.849622339208054,0,1,0,0,0
575730269278700,360.6237125200275,60.8974593728542,0,1,0,0,0
575730285499100,360.50652323186085,60.09178301670863,0,1,0,0,0
575730301495300,360.27214465552754,59.83543144884413,0,1,0,0,0
575730319825300,359.7447928587777,59.46921492332342,0,1,0,0,0
575730334168100,359.1588464179446,59.029755092698565,0,1,0,0,0
575730352372600,358.98306248569463,58.224078736553,0,1,0,0,0
575730368368100,359.39322499427783,57.78461890592814,0,1,0,0,0
575730385316700,360.0963607232776,57.16205081254293,0,1,0,0,0
575730402684900,360.85809109636074,56.53948271915772,0,1,0,0,0
575730418824800,361.8542000457771,55.55069810025179,0,1,0,0,0
575730435260000,363.37766079194324,54.12245365072101,0,1,0,0,0
575730453341600,364.7839322499428,53.866102082856514,0,1,0,0,0
575730472401800,366.30739299610894,54.745021744106225,0,1,0,0,0
575730482656000,366.65896086060883,58.04097047379264,0,1,1,17151,0
575730499395600,366.30739299610894,58.29732204165714,0,1,1,19103,0
575730516920500,365.7800411993591,58.29732204165714,0,1,1,21183,0
575730533235700,365.7800411993591,58.40718699931335,0,1,1,20927,0
575730556297800,365.95582513160906,58.66353856717785,0,1,1,16511,0
575730568321400,366.36598764019226,59.46921492332342,0,1,0,2848,0
575730584451200,366.4831769283589,60.714351110093844,0,1,0,0,0
575730603906200,365.07690547035935,60.714351110093844,0,1,0,0,0
575730620025900,363.02609292744336,59.46921492332342,0,1,0,0,0
575730634613600,361.1510643167773,56.429617761501504,0,1,0,0,0
575730652599100,361.67841611352713,54.745021744106225,0,1,0,0,0
575730668164900,363.7292286564431,53.93934538796066,0,1,0,0,0
575730684069100,366.4831769283589,54.23231860837723,0,1,0,0,0
575730700159700,366.4831769283589,54.23231860837723,0,1,0,0,0
575730716870500,366.4831769283589,54.23231860837723,0,1,0,0,0
575730733556600,366.4831769283589,54.23231860837723,0,1,0,0,0
575730750474200,366.4831769283589,54.23231860837723,0,1,0,0,0
575730766956900,366.4831769283589,54.23231860837723,0,1,0,0,0
575730783922400,366.4831769283589,54.23231860837723,0,1,0,0,0
575730800229100,366.4831769283589,54.23231860837723,0,1,0,0,0
575730816683900,366.4831769283589,54.23231860837723,0,1,0,0,0
575730833385100,366.4831769283589,54.23231860837723,0,1,0,0,0
575730852915600,371.6395056076905,54.745021744106225,0,1,0,0,0
575730867761900,381.8349736781872,55.916914625772506,0,1,0,0,0
575730884921800,392.08903639276724,57.16205081254293,0,1,0,0,0
575730901638700,395.01876859693294,57.9677271686885,0,1,0,0,0
575730919896400,398.4758525978485,59.029755092698565,0,1,0,0,0
575730935659400,404.68688487067976,60.09178301670863,0,1,0,0,0
575730950991000,409.31586175326163,60.8974593728542,0,1,0,0,0
575730967819000,414.14991989013504,61.4101625085832,0,1,0,0,0
575730985643300,419.0718699931334,60.97070267795834,0,1,0,0,0
575731002459200,425.92744335088116,59.029755092698565,0,1,0,0,0
575731017833900,430.2048523689632,57.41840238040743,0,1,0,0,0
575731034750500,434.54085603112844,55.73380636301215,0,1,0,0,0
575731051433500,441.27924010070956,52.9871824216068,0,1,0,0,0
575731066378700,446.0840009155413,51.009613183794954,0,1,0,0,0
575731071559100,448.4863813229572,50.13069352254513,0,1,0,0,0
575731084076400,451.0059510185397,49.434882124055775,0,1,0,0,0
575731094082000,455.5177386129549,48.44609750514985,0,1,0,0,0
575731105305200,459.6779583428703,48.262989242389494,0,1,0,0,0
575731118063700,461.55298695353633,48.33623254749364,0,1,0,0,0
575731128850600,465.01007095445186,48.885557335774706,0,1,0,0,0
575731138848100,466.70931563286797,49.141908903639205,0,1,0,0,0
575731149445100,468.29137102311745,49.50812542915992,0,1,0,0,0
575731159477000,471.3382925154498,50.496910048065956,0,1,0,0,0
575731169477000,472.685969329366,51.009613183794954,0,1,0,0,0
575731184548400,473.9750514991989,51.74204623483638,0,1,0,0,0
575731194819500,477.1977569237812,54.04921034561687,0,1,0,0,0
575731204818400,478.0766765850309,54.745021744106225,0,1,0,0,0
575731216543900,478.77981231403066,55.55069810025179,0,1,0,0,0
575731226549400,479.89311055161363,56.86907759212636,0,1,0,0,0
575731236550500,480.1274891279469,57.49164568551157,0,1,0,0,0
575731251191300,480.42046234836346,58.11421377889678,0,1,0,0,0
575731261196200,480.5962462806134,59.10299839780271,0,1,0,0,0
575731271268500,480.6548409246967,59.98191805905242,0,1,0,0,0
575731283181600,480.4790569924468,60.34813458457313,0,1,0,0,0
575731293185900,480.1274891279469,60.8974593728542,0,1,0,0,0
575731303185400,479.775921263447,61.08056763561456,0,1,0,0,0
575731316383200,479.48294804303043,61.336919203479056,0,1,0,0,0
575731326390100,478.77981231403066,61.70313572899977,0,1,0,0,0
575731336391300,478.5454337376974,62.03273060196841,0,1,0,0,0
575731349749300,478.0180819409476,62.94827191577019,0,1,0,0,0
575731359743800,477.725108720531,63.38773174639505,0,1,0,0,0
575731370404200,477.3149462119478,64.63286793316547,0,1,0,0,0
575731384757000,476.9047837033646,65.25543602655068,0,1,0,0,0
575731394759700,476.14305333028153,66.39070725566489,0,1,0,0,0
575731404851800,474.7953765163653,67.45273517967496,0,1,0,0,0
575731416467500,473.9750514991989,68.07530327306017,0,1,0,0,0
575731426472800,473.0961318379492,68.88097962920574,0,1,0,0,0
575731436473100,471.16250858319984,70.9867246509499,0,1,0,0,0
575731451988900,469.99061570153356,72.34172579537653,0,1,0,0,0
575731462011100,467.3538567177844,75.52780956740673,0,1,0,0,0
575731472027600,464.13115129320215,79.08010986495765,0,1,0,0,0
575731485002700,464.13115129320215,79.08010986495765,0,1,0,0,0
575731495137200,457.8029297322041,83.18173495078963,0,1,0,0,0
575731505136400,455.5177386129549,83.87754634927899,0,1,0,0,0
575731516919400,453.1739528496223,84.17051956969556,0,1,0,0,0
575731527110600,448.6035706111238,83.9874113069352,0,1,0,0,0
575731537130100,446.0840009155413,83.62119478141449,0,1,0,0,0
575731550022900,443.27145799954224,83.07186999313342,0,1,0,0,0
575731560025800,437.52918287937746,81.93659876401921,0,1,0,0,0
575731570426000,434.8924238956283,81.5703822384985,0,1,0,0,0
575731583174600,430.6150148775464,80.94781414511328,0,1,0,0,0
575731593179000,427.6852826733806,80.61821927214464,0,1,0,0,0
575731603183100,426.8063630121309,80.32524605172807,0,1,0,0,0
575731617642400,426.27901121538105,80.25200274662393,0,1,0,0,0
575731627649600,426.5133897917143,80.61821927214464,0,1,0,0,0
575731637733200,427.04074158846413,80.87457084000914,0,1,0,0,0
575731649720500,428.5056076905471,81.5703822384985,0,1,0,0,0
575731659753300,429.91187914854663,82.19295033188371,0,1,0,0,0
575731669753600,430.73220416571303,82.37605859464406,0,1,0,0,0
575731699977600,431.4939345387961,82.30281528953992,0,1,0,0,0
575731701584400,431.4939345387961,82.30281528953992,0,1,0,0,0
575731719176600,431.4939345387961,82.30281528953992,0,1,0,0,0
575731736223300,431.4939345387961,82.30281528953992,0,1,0,0,0
575731754858800,431.4939345387961,82.30281528953992,0,1,0,0,0
575731768069800,431.4939345387961,82.30281528953992,0,1,0,0,0
575731785538000,440.40032043945985,79.88578622110322,0,1,0,0,0
575731802654200,442.09956511787595,77.21240558480201,0,1,0,0,0
575731819673200,443.1542687113756,75.08834973678188,0,1,0,0,0
575731835553900,444.0331883726253,73.6601052872511,0,1,0,0,0
575731851591200,444.7363241016251,73.1474021515221,0,1,0,0,0
575731868783200,445.84962233920805,73.4037537193866,0,1,0,0,0
575731886108600,446.7871366445411,74.02632181277181,0,1,0,0,0
575731901865800,447.95902952620736,75.16159304188602,0,1,0,0,0
575731918704100,449.3067063401236,76.5898374914168,0,1,0,0,0
575731935683200,451.0059510185397,78.6406500343328,0,1,0,0,0
575731953505300,452.06065461203934,79.70267795834286,0,1,0,0,0
575731969636300,453.34973678187225,80.43511100938429,0,1,0,0,0
575731986473700,456.1622796978713,81.24078736552985,0,1,0,0,0
575732004072600,458.506065461204,82.48592355230028,0,1,0,0,0
575732019190100,462.02174410620285,84.86633096818491,0,1,0,0,0
575732035691000,466.70931563286797,88.16227969787133,0,1,0,0,0
575732052397900,472.2172121766995,91.6413366903181,0,1,0,0,0
575732068813800,481.3579766536965,95.81620508125422,0,1,0,0,0
575732085746700,487.97917143511097,97.57404440375376,0,1,0,0,0
575732103979400,494.89333943694214,98.81918059052418,0,1,0,0,0
575732119611000,502.1590753032731,100.17418173495082,0,1,0,0,0
575732136520200,514.639734493019,101.8587777523461,0,1,0,0,0
575732153125400,522.9015793087664,102.18837262531474,0,1,0,0,0
575732169161500,529.4641794460975,101.67566948958574,0,1,0,0,0
575732185953300,534.1517509727627,100.50377660791946,0,1,0,0,0
575732202530900,539.6010528725109,97.83039597161826,0,1,0,0,0
575732219640000,542.7065690089265,96.07255664911872,0,1,0,0,0
575732236205500,545.4605172808423,94.5710688944838,0,1,0,0,0
575732254400300,547.8043030441748,93.14282444495302,0,1,0,0,0
575732269814400,549.9137102311743,90.83566033417253,0,1,0,0,0
575732285087000,550.7340352483407,89.29755092698554,0,1,0,0,0
575732302696600,551.4957656214237,88.52849622339204,0,1,0,0,0
575732320218200,552.0231174181736,88.23552300297547,0,1,0,0,0
575732335788000,552.4918745708401,88.34538796063168,0,1,0,0,0
575732354102200,553.3121995880065,88.52849622339204,0,1,0,0,0
575732370119000,553.7223620965897,88.52849622339204,0,1,0,0,0
575732385622400,554.0739299610896,88.41863126573583,0,1,0,0,0
575732400630900,554.5426871137561,88.52849622339204,0,1,0,0,0
575732410666400,554.7770656900893,88.78484779125654,0,1,0,0,0
575732420662800,554.9528496223393,88.9679560540169,0,1,0,0,0
575732435671200,555.2458228427558,89.15106431677725,0,1,0,0,0
575732451884400,555.8903639276723,89.5905241474021,0,1,0,0,0
575732469043400,557.2966353856718,90.83566033417253,0,1,0,0,0
575732485355000,558.3513389791715,92.08079652094295,0,1,0,0,0
575732496148700,559.3474479285878,93.39917601281752,0,1,1,3328,0
575732506147500,559.5818265049211,94.09498741130687,0,1,1,4128,0
575732517533100,559.8747997253377,94.71755550469209,0,1,1,4480,0
575732527834200,560.4607461661708,96.58525978484772,0,1,1,6976,0
575732537863900,561.0466926070039,97.94026092927447,0,1,1,8288,0
575732551321600,562.6287479972534,101.23620965896089,0,1,1,10144,0
575732561324900,564.5037766079195,104.7885099565118,0,1,1,11968,0
575732571325200,565.4412909132525,106.54634927901122,0,1,1,12928,0
575732585029100,566.3788052185855,108.2309452964065,0,1,1,13824,0
575732595032700,568.0194552529183,111.71000228885327,0,1,1,14400,0
575732606007800,569.835889219501,115.70176241702904,0,1,1,15008,0
575732618288600,570.7734035248341,118.11879148546586,0,1,1,15232,0
575732628864800,573.0,123.4289311055162,0,1,1,16320,0
575732639800300,574.3476768139162,126.54177157244226,0,1,1,16959,0
575732652696700,575.7539482719158,129.83772030212867,0,1,1,17215,0
575732662878700,578.8008697642482,137.5648889906157,0,1,1,17631,0
575732672882000,581.8477912565805,146.9034103913939,0,1,1,17759,0
575732684296700,583.2540627145801,151.81071183337144,0,1,1,17791,0
575732694862400,585.8322270542459,161.29571984435796,0,1,1,17823,0
575732704964000,587.0041199359122,165.76356145571066,0,1,1,17823,0
575732718677700,587.7658503089953,169.82856488899057,0,1,1,17855,0
575732728677300,588.644769970245,177.22613870450908,0,1,1,17855,0
575732738677500,588.8205539024949,180.59533073929964,0,1,1,17791,0
575732768487500,588.9963378347448,183.78141451132984,0,1,1,17791,0
575732785621900,588.9963378347448,183.78141451132984,0,1,1,17791,0
575732801991600,588.9963378347448,183.78141451132984,0,1,1,17791,0
575732819351200,588.2932021057451,203.00778210116732,0,1,1,17535,0
575732836695900,588.2932021057451,203.00778210116732,0,1,1,17535,0
575732853140400,588.2932021057451,203.00778210116732,0,1,1,17535,0
575732870905100,586.593957427329,205.75440604257267,0,1,1,17119,0
575732887002400,586.593957427329,205.75440604257267,0,1,1,17119,0
575732904168800,585.656443121996,203.88670176241703,0,1,1,16128,0
575732919398700,585.656443121996,203.88670176241703,0,1,1,16128,0
575732937376500,583.4884412909133,195.79331654840928,0,1,1,15712,0
575732953211900,582.9610894941635,190.81277180132753,0,1,1,15712,0
575732970489500,582.4337376974137,185.20965896086062,0,1,1,15488,0
575732986412600,581.2032501716641,175.72465094987416,0,1,1,15136,0
575733003660700,580.0313572899978,168.58342870222015,0,1,1,15136,0
575733020516100,578.8594644083315,161.47882810711832,0,1,1,15104,0
575733037359200,577.9805447470817,154.3009842069124,0,1,1,15072,0
575733053427300,577.2774090180819,147.2696269169146,0,1,1,15072,0
575733071653200,576.7500572213321,137.74799725337607,0,1,1,15008,0
575733086829700,576.5742732890822,132.69420920119023,0,1,1,15040,0
575733103449700,576.5742732890822,127.97001602197304,0,1,1,15072,0
575733118865800,576.5156786449988,123.09933623254756,0,1,1,15200,0
575733136882900,576.1055161364156,113.57770656900891,0,1,1,15296,0
575733153482200,576.0469214923323,111.52689402609292,0,1,1,15296,0
575733170079300,575.8711375600824,107.461890592813,0,1,1,15328,0
575733185020200,575.5195696955825,103.72648203250174,0,1,1,15520,0
575733203274100,575.3437857633326,98.81918059052418,0,1,1,15616,0
575733220998500,575.4023804074159,96.43877317463944,0,1,1,15584,0
575733236033900,575.5781643396658,94.71755550469209,0,1,1,15584,0
575733252770500,575.6953536278324,92.95971618219266,0,1,1,15616,0
575733269221500,575.7539482719158,89.66376745250625,0,1,1,15648,0
575733285621500,575.7539482719158,87.79606317235061,0,1,1,15616,0
575733303621700,575.6953536278324,86.73403524834055,0,1,1,15648,0
575733319346200,575.5781643396658,86.47768368047605,0,1,1,15840,0
575733335693300,575.5195696955825,86.80727855344469,0,1,1,16224,0
575733353017100,575.3437857633326,87.79606317235061,0,1,1,16160,0
575733369151500,574.875028610666,90.21309224078732,0,1,1,16160,0
575733386463900,574.5234607461662,93.65552758068202,0,1,1,16160,0
575733404023700,574.5234607461662,100.06431677729461,0,1,1,16128,0
575733419630800,574.9922178988327,104.7885099565118,0,1,1,16032,0
575733436786200,575.7539482719158,109.58594644083314,0,1,1,16032,0
575733453637700,576.5742732890822,113.50446326390477,0,1,1,16032,0
575733470319800,577.6289768825818,116.61730373083094,0,1,1,16032,0
575733485210000,579.2696269169147,120.242847333486,0,1,1,16032,0
575733502029900,580.0313572899978,121.56122682536056,0,1,1,15968,0
575733518682200,580.5001144426643,121.92744335088128,0,1,1,15936,0
575733535781700,580.7344930189976,121.74433508812092,0,1,1,15904,0
575733552048200,581.379034103914,121.04852368963157,0,1,1,16000,0
575733568310000,581.8477912565805,120.31609063859014,0,1,1,16032,0
575733586902100,582.4337376974137,119.43717097734043,0,1,1,16000,0
575733602575000,583.1368734264134,117.75257495994515,0,1,1,15936,0
575733618966200,583.60563057908,116.50743877317473,0,1,1,15936,0
575733635392400,584.0157930876632,115.3721675440604,0,1,1,15936,0
575733652952200,584.4845502403297,114.38338292515448,0,1,1,15904,0
575733669571700,585.0119020370795,113.50446326390477,0,1,1,15968,0
575733686641000,585.7150377660793,112.33257038223849,0,1,1,16000,0
575733703699100,587.0627145799955,110.20851453421835,0,1,1,16160,0
575733719778800,587.7658503089953,108.41405355916686,0,1,1,16288,0
575733736663900,588.468986037995,106.47310597390708,0,1,1,16479,0
575733753743400,588.9377431906615,104.42229343099109,0,1,1,16543,0
575733769441700,589.6408789196613,101.38269626916917,0,1,1,16927,0
575733785867600,589.9338521400779,99.25864042114904,0,1,1,17087,0
575733802963500,590.2854200045778,97.1345845731289,0,1,1,17247,0
575733819242500,591.1643396658275,94.64431219958794,0,1,1,17279,0
575733836727600,591.8674753948272,93.76539253833823,0,1,1,17279,0
575733852944300,592.746395056077,93.03295948729681,0,1,1,17343,0
575733869386500,593.9182879377432,92.4103913939116,0,1,1,17439,0
575733886103100,595.2659647516595,91.8976882581826,0,1,1,17471,0
575733902893400,597.4925612268254,91.6413366903181,0,1,1,17727,0
575733918727400,599.3089951934081,92.1540398260471,0,1,1,17951,0
575733928729600,601.535591668574,93.39917601281752,0,1,1,18047,0
575733938772200,602.7074845502403,94.20485236896309,0,1,1,18143,0
575733952780600,603.9379720759899,95.0837720302128,0,1,1,18175,0
575733968560700,606.8677042801556,98.01350423437862,0,1,1,18271,0
575733978564100,608.5669489585719,100.79674982833603,0,1,1,18367,0
575733988565600,609.2700846875716,102.3714808880751,0,1,1,18399,0
575734002877500,609.9146257724881,103.98283360036623,0,1,1,18495,0
575734018921300,610.9107347219044,107.461890592813,0,1,1,18527,0
575734028920600,611.3208972304876,110.83108262760356,0,1,1,18591,0
575734038918500,611.2623025864043,114.20027466239412,0,1,1,18591,0
575734053348800,611.0865186541544,115.88487067978951,0,1,1,18559,0
575734068962200,610.4419775692379,119.10757610437179,0,1,1,18559,0
575734078964800,609.5630579079882,121.67109178301678,0,1,1,18559,0
575734088967300,609.0943007553217,122.55001144426649,0,1,1,18559,0
575734101872700,608.5669489585719,123.28244449530791,0,1,1,18559,0
575734112524300,607.2192721446555,124.34447241931798,0,1,1,18495,0
575734122528000,606.9848935683223,124.34447241931798,0,1,1,18463,0
575734136039400,606.6919203479057,124.34447241931798,0,1,1,18431,0
575734146475500,606.1645685511559,123.90501258869313,0,1,1,18271,0
575734156538200,605.9301899748226,123.4289311055162,0,1,1,18207,0
575734168225700,605.4028381780728,121.85420004577713,0,1,1,18207,0
575734178224300,604.9926756694896,120.79217212176707,0,1,1,18207,0
575734188409600,604.6411078049897,118.19203479057,0,1,1,18175,0
575734203382600,604.4653238727398,116.87365529869544,0,1,1,18175,0
575734213382100,604.2309452964065,113.83405813687341,0,1,1,18207,0
575734223383000,604.1137560082399,112.25932707713434,0,1,1,18335,0
575734235576200,604.1137560082399,110.538109407187,0,1,1,18367,0
575734246257100,604.2309452964065,106.98580910963608,0,1,1,18687,0
575734256252700,604.5825131609064,103.43350881208517,0,1,1,18847,0
575734286004100,604.7582970931563,101.67566948958574,0,1,1,18847,0
575734303767400,604.7582970931563,101.67566948958574,0,1,1,18847,0
575734319789600,604.7582970931563,101.67566948958574,0,1,1,18847,0
575734336826100,608.7427328908218,90.83566033417253,0,1,1,18943,0
575734354523900,610.9693293659877,88.41863126573583,0,1,1,19071,0
575734371445300,610.9693293659877,88.41863126573583,0,1,1,19071,0
575734387193600,610.9693293659877,88.41863126573583,0,1,1,19071,0
575734403066200,621.457770656901,86.73403524834055,0,1,1,19391,0
575734421104600,625.5593957427329,89.15106431677725,0,1,1,19423,0
575734436767800,627.6102082856489,92.1540398260471,0,1,1,19423,0
575734454661700,629.1922636758984,96.69512474250394,0,1,1,19455,0
575734470775200,630.3641565575647,102.92080567635617,0,1,1,19391,0
575734488378000,630.5399404898146,114.63973449301898,0,1,1,18335,0
575734503508800,629.7196154726482,122.73311970702684,0,1,1,18143,0
575734520274300,628.9578850995651,129.83772030212867,0,1,1,18111,0
575734536422200,628.3133440146487,135.8070496681163,0,1,1,17855,0
575734552571900,627.7859922178989,141.59327077134355,0,1,1,17471,0
575734570362600,627.1414511329824,149.13733119707024,0,1,1,16927,0
575734586734300,626.7312886243992,152.7628747997253,0,1,1,16799,0
575734603178500,626.0867475394828,155.36301213092247,0,1,1,16767,0
575734619781700,625.4422064545663,157.4138246738384,0,1,1,16799,0
575734636988300,624.6804760814832,159.42801556420233,0,1,1,16895,0
575734652583400,624.5046921492333,160.05058365758754,0,1,1,17567,0
575734669075100,624.5046921492333,160.05058365758754,0,1,1,18175,0
575734685641800,624.5046921492333,159.42801556420233,0,1,1,18207,0
575734702645600,624.5046921492333,158.54909590295262,0,1,1,18111,0
575734719406700,624.3875028610667,156.68139162279704,0,1,1,18111,0
575734737335700,624.3875028610667,153.86152437628755,0,1,1,18175,0
575734754010000,624.3875028610667,150.12611581597616,0,1,1,18239,0
575734770567500,624.7390707255665,143.27786678873883,0,1,1,18975,0
575734787431100,625.2664225223164,137.74799725337607,0,1,1,19263,0
575734805641600,625.9695582513161,131.81528953994052,0,1,1,19679,0
575734820260100,626.9070725566492,125.77271686884876,0,1,1,19775,0
575734837108300,628.3133440146487,117.23987182421615,0,1,1,20095,0
575734854651300,629.485236896315,112.25932707713434,0,1,1,20479,0
575734871225100,630.5399404898146,107.7182421606775,0,1,1,20863,0
575734887083100,631.5946440833143,103.61661707484552,0,1,1,20863,0
575734903790900,633.2938887617304,98.19661249713897,0,1,1,20927,0
575734920122600,634.52437628748,94.71755550469209,0,1,1,20959,0
575734937617900,635.9306477454795,91.78782330052638,0,1,1,20927,0
575734953313600,637.2783245593957,89.5905241474021,0,1,1,20895,0
575734971292100,638.5088120851453,87.97917143511097,0,1,1,20895,0
575734986208500,639.8564888990616,86.80727855344469,0,1,1,20287,0
575735002450900,640.501029983978,86.6607919432364,0,1,1,19871,0
575735020440800,641.0283817807278,86.80727855344469,0,1,1,19839,0
575735037192800,641.7315175097276,87.35660334172576,0,1,1,19871,0
575735053787300,643.1377889677271,89.4806591897459,0,1,1,19903,0
575735070771000,644.60265506981,92.33714808880745,0,1,1,19935,0
575735088727400,646.2433051041428,96.51201647974358,0,1,1,19871,0
575735103539400,647.3566033417258,101.56580453192953,0,1,1,19039,0
575735120384100,646.7120622568093,111.01419089036392,0,1,1,17951,0
575735137918100,645.1886015106431,118.55825131609072,0,1,1,17439,0
575735154159700,643.3135728999771,126.21217669947362,0,1,1,17279,0
575735171333000,641.7315175097276,132.8773174639506,0,1,1,17151,0
575735187592600,640.7354085603113,138.736781872282,0,1,1,17119,0
575735203810600,640.0322728313115,146.09773403524832,0,1,1,17151,0
575735220050000,639.8564888990616,149.65003433279924,0,1,1,17151,0
575735237138600,639.7978942549782,151.9938200961318,0,1,1,17407,0
575735253943700,639.9736781872282,153.75165941863133,0,1,1,17535,0
575735271098500,640.0322728313115,154.37422751201655,0,1,1,17759,0
575735286851900,640.0322728313115,154.63057907988104,0,1,1,18431,0
575735303794500,640.0322728313115,154.63057907988104,0,1,1,19103,0
575735320680200,640.0322728313115,154.48409246967276,0,1,1,19199,0
575735337958000,640.1494621194781,153.9347676813917,0,1,1,19231,0
575735353965900,639.8564888990616,152.5065232318608,0,1,1,19231,0
575735370979400,639.6221103227283,149.9430075532158,0,1,1,19231,0
575735387343400,639.5049210345617,146.09773403524832,0,1,1,19263,0
575735404611100,639.8564888990616,138.81002517738614,0,1,1,19647,0
575735420584100,640.3252460517281,133.20691233691923,0,1,1,20159,0
575735437567600,641.0283817807278,127.45731288624404,0,1,1,20511,0
575735454669800,641.8487067978942,121.67109178301678,0,1,1,20639,0
575735472054500,643.6065461203937,113.57770656900891,0,1,1,20959,0
575735487457800,644.3096818493934,111.08743419546806,0,1,1,20959,0
575735504619500,646.5362783245594,104.60540169375145,0,1,1,21087,0
575735520825500,648.2941176470588,101.23620965896089,0,1,1,21151,0
575735537366800,650.1691462577248,98.37972075989933,0,1,1,21151,0
575735555293200,652.7473105973907,95.63309681849387,0,1,1,21151,0
575735572233800,654.0949874113069,94.71755550469209,0,1,1,21023,0
575735587630300,655.1496910048065,94.27809567406723,0,1,1,20863,0
575735605672800,655.8528267338063,94.09498741130687,0,1,1,20735,0
575735621724400,656.4973678187228,94.20485236896309,0,1,1,20639,0
575735636733500,657.5520714122224,95.63309681849387,0,1,1,20479,0
575735654586200,658.5481803616387,98.12336919203483,0,1,1,20351,0
575735670699700,659.7786678873883,101.56580453192953,0,1,1,20159,0
575735688887200,661.0091554131379,106.10688944838637,0,1,1,19807,0
575735704062200,661.4779125658044,108.41405355916686,0,1,1,19615,0
575735720191300,661.7122911421377,110.83108262760356,0,1,1,19487,0
575735737034100,661.8880750743876,113.50446326390477,0,1,1,19455,0
575735754849200,662.1810482948042,116.25108720531023,0,1,1,19359,0
575735769239600,663.3529411764705,120.79217212176707,0,1,1,19103,0
575735779243800,664.8178072785533,123.79514763103691,0,1,1,18943,0
575735789247200,665.6381322957197,125.22339208056769,0,1,1,18879,0
575735805056100,666.5170519569695,126.39528496223397,0,1,1,18655,0
575735821225600,668.2162966353857,128.1531242847334,0,1,1,18303,0
575735836326100,670.6186770428016,130.27718013275353,0,1,1,18111,0
575735846331300,671.8491645685511,131.0828564888991,0,1,1,17919,0
575735856632900,672.200732433051,131.1927214465553,0,1,1,17823,0
575735871239200,672.376516365301,131.1927214465553,0,1,1,17823,0
575735886893800,672.7280842298009,131.0828564888991,0,1,1,17759,0
575735896895300,673.0796520943007,131.00961318379495,0,1,1,17759,0
575735906899000,673.4898146028839,130.89974822613874,0,1,1,17695,0
575735919111400,673.5484092469673,130.8265049210346,0,1,1,17599,0
575735929108600,673.7241931792172,130.64339665827424,0,1,1,17439,0
575735939112100,673.7241931792172,130.5701533531701,0,1,1,17311,0
575735953643800,673.7241931792172,130.46028839551389,0,1,1,17311,0
575735963722000,673.7241931792172,130.46028839551389,0,1,1,17279,0
575735973721200,673.7241931792172,130.46028839551389,0,1,1,17471,0
575735986872700,673.6655985351339,130.38704509040974,0,1,1,17695,0
575735996981900,673.314030670634,130.27718013275353,0,1,1,17983,0
575736006981900,673.0210574502174,130.2039368276494,0,1,1,18015,0
575736021768600,672.4937056534676,130.2039368276494,0,1,1,18175,0
575736038360800,671.263218127718,130.09407186999317,0,1,1,18751,0
575736055256200,668.9194323643854,129.83772030212867,0,1,1,19231,0
575736070815000,667.2201876859692,129.47150377660796,0,1,1,19615,0
575736080819100,665.7553215838864,128.70244907301446,0,1,1,19647,0
575736090819000,665.1107804989699,128.1531242847334,0,1,1,19647,0
575736105334700,664.4662394140535,127.45731288624404,0,1,1,19647,0
575736120558300,662.8255893797207,124.23460746166177,0,1,1,19647,0
575736130594800,661.7122911421377,121.56122682536056,0,1,1,19679,0
575736141039500,661.3607232776378,120.31609063859014,0,1,1,19679,0
575736155060600,660.9505607690546,118.99771114671557,0,1,1,19679,0
575736171509400,660.4232089723048,116.32433051041437,0,1,1,19743,0
575736187834900,660.0130464637216,113.02838178072784,0,1,1,19871,0
575736198377400,660.0130464637216,107.461890592813,0,1,1,19999,0
575736208667500,660.2474250400548,105.74067292286566,0,1,1,20031,0
575736222988700,660.4818036163881,104.05607690547038,0,1,1,20063,0
575736237963900,661.4779125658044,100.79674982833603,0,1,1,20159,0
575736247981800,662.884184023804,97.68390936140997,0,1,1,20255,0
575736257975200,664.75921263447,95.19363698786901,0,1,1,20319,0
575736270319900,665.8139162279697,94.27809567406723,0,1,1,20319,0
575736280375800,668.0405127031357,93.21606775005716,0,1,1,20223,0
575736290373100,669.0952162966354,93.14282444495302,0,1,1,20223,0
575736305146900,670.149919890135,93.21606775005716,0,1,1,20255,0
575736315147000,672.1421377889677,94.02174410620273,0,1,1,20351,0
575736325147200,674.0171663996338,95.63309681849387,0,1,1,20415,0
575736337002200,674.9546807049668,96.69512474250394,0,1,1,20415,0
575736347043900,675.8921950102998,97.94026092927447,0,1,1,20351,0
575736357042600,677.3570611123827,100.79674982833603,0,1,1,20383,0
575736371405500,678.0601968413824,102.29823758297096,0,1,1,20383,0
575736381411900,678.9977111467155,105.22796978713666,0,1,1,20447,0
575736391415400,679.2320897230487,106.65621423666744,0,1,1,20447,0
575736405049100,679.4078736552987,107.974593728542,0,1,1,20447,0
575736415051800,679.5250629434653,111.89311055161363,0,1,1,20543,0
575736425056600,679.5250629434653,113.39459830624855,0,1,1,20575,0
575736437492800,679.3492790112153,115.07919432364383,0,1,1,20575,0
575736447501200,678.8805218585488,118.99771114671557,0,1,1,20607,0
575736457602100,678.528953994049,121.04852368963157,0,1,1,20575,0
575736471182300,678.0601968413824,123.09933623254756,0,1,1,20575,0
575736481180300,677.1226825360494,126.46852826733812,0,1,1,20639,0
575736491184200,676.0679789425498,128.84893568322275,0,1,1,20639,0
575736504985900,675.6578164339666,129.65461203936832,0,1,1,20639,0
575736514985700,674.8960860608835,131.1927214465553,0,1,1,20639,0
575736525653900,674.6031128404669,131.7054245822843,0,1,1,20639,0
575736537160000,674.3687342641336,132.14488441290916,0,1,1,20671,0
575736547164600,674.0171663996338,132.51110093842988,0,1,1,20703,0
575736557168000,673.8999771114671,132.51110093842988,0,1,1,20671,0
575736570666500,673.8999771114671,132.25474937056538,0,1,1,20543,0
575736580671900,674.0757610437171,131.9617761501488,0,1,1,20511,0
575736590670800,674.0757610437171,131.7054245822843,0,1,1,20479,0
575736604204800,674.1929503318837,131.26596475165945,0,1,1,20511,0
575736614208700,674.6031128404669,129.83772030212867,0,1,1,20703,0
575736624746600,675.0718699931334,128.84893568322275,0,1,1,21055,0
575736636881800,676.2437628747997,126.54177157244226,0,1,1,21887,0
575736646898300,676.9468986037995,125.29663538567183,0,1,1,22271,0
575736656892500,678.528953994049,122.98947127489134,0,1,1,22591,0
575736671125100,679.4078736552987,122.03730830853749,0,1,1,22687,0
575736681132500,681.4586861982147,120.242847333486,0,1,1,23039,0
575736691939400,683.9782558937972,119.18081940947593,0,1,1,23167,0
575736703990700,683.9782558937972,119.18081940947593,0,1,1,23167,0
575736714400200,688.7244220645456,119.18081940947593,0,1,1,23871,0
575736724397900,690.5408560311283,119.62027924010079,0,1,1,24127,0
575736737224900,692.4744792858777,120.4991989013505,0,1,1,24319,0
575736747251200,696.634699015793,122.80636301213099,0,1,1,24735,0
575736757255300,698.9784847791257,124.23460746166177,0,1,1,24799,0
575736770866400,701.2050812542916,125.91920347905705,0,1,1,24799,0
575736780970000,705.4824902723735,129.58136873426417,0,1,1,24127,0
575736790965100,708.6466010528725,133.7562371252003,0,1,1,18623,0
575736808252100,709.7013046463721,136.173266193637,0,1,1,12640,0
575736822833400,709.8184939345388,141.30029755092698,0,1,0,0,0
575736839745200,706.8887617303731,145.95124742504004,0,1,0,0,0
575736855236500,701.5566491187915,148.88097962920574,0,1,0,0,0
575736865833300,695.8729686427099,149.21057450217438,0,1,0,0,0
575736875830400,696.2245365072098,148.69787136644538,0,1,0,0,0
575736887214600,698.1581597619593,147.96543831540396,0,1,0,0,0
575736897228500,701.5566491187915,147.2696269169146,0,1,0,0,0
575736907234600,701.5566491187915,147.2696269169146,0,1,0,0,0
575736921284900,701.5566491187915,147.2696269169146,0,1,0,0,0
575736931283700,701.5566491187915,147.2696269169146,0,1,0,0,0
575736941408100,701.5566491187915,147.2696269169146,0,1,0,0,0
575736955835700,701.5566491187915,147.2696269169146,0,1,0,0,0
575736965836800,729.9164568551156,137.49164568551157,0,1,0,0,0
575736975840800,744.6823071641107,131.88853284504467,0,1,0,0,0
575736987704500,759.2137788967727,125.66285191119255,0,1,0,0,0
575736997709700,778.0812542915999,115.6285191119249,0,1,0,0,0
575737007786200,786.1087205310139,109.14648661020829,0,1,0,0,0
575737020557000,789.272831311513,106.03364614328223,0,1,0,0,0
575737030883300,793.9018081940948,100.24742504005496,0,1,0,0,0
575737040887600,795.4252689402609,97.3909361409934,0,1,0,0,0
575737054629100,796.4213778896773,94.71755550469209,0,1,0,0,0
575737064631600,797.300297550927,89.92011902037075,0,1,0,0,0
575737074633900,797.0073243305104,86.29457541771569,0,1,0,0,0
575737087378300,796.6557564660105,84.86633096818491,0,1,0,0,0
575737097384500,796.2455939574273,83.87754634927899,0,1,0,0,0
575737107384000,795.3080796520943,82.55916685740442,0,1,0,0,0
575737121618200,795.073701075761,82.00984206912335,0,1,0,0,0
575737131618100,794.4291599908446,81.24078736552985,0,1,0,0,0
575737141620800,794.1947814145113,80.76470588235293,0,1,0,0,0
575737156015800,793.4330510414283,79.81254291599907,0,1,0,0,0
575737166017500,792.5541313801785,79.08010986495765,0,1,0,0,0
575737176021500,791.9681849393454,78.75051499198901,0,1,0,0,0
575737187051600,791.323643854429,78.45754177157244,0,1,0,0,0
575737197053100,789.6243991760128,78.3842984664683,0,1,0,0,0
575737207054000,788.5696955825132,78.45754177157244,0,1,0,0,0
575737222455200,787.3978027008468,78.56740672922865,0,1,0,0,0
575737232853100,782.9446097505149,78.89700160219729,0,1,0,0,0
575737242852200,781.1281757839322,79.08010986495765,0,1,0,0,0
575737255150300,779.1359578850995,79.263218127718,0,1,0,0,0
575737265152800,774.7999542229343,79.88578622110322,0,1,0,0,0
575737275155800,772.5733577477683,80.25200274662393,0,1,0,0,0
575737289564200,770.2881666285191,80.32524605172807,0,1,0,0,0
575737299574300,766.1865415426871,80.25200274662393,0,1,0,0,0
575737309572600,763.2568093385214,79.88578622110322,0,1,0,0,0
575737321012500,762.2607003891051,79.99565117875943,0,1,0,0,0
575737331043800,760.9130235751888,80.43511100938429,0,1,0,0,0
575737341037800,760.3270771343557,80.94781414511328,0,1,0,0,0
575737355690500,759.7997253376059,81.49713893339435,0,1,0,0,0
575737365696100,758.510643167773,82.63241016250856,0,1,0,0,0
575737375697100,757.2801556420233,83.36484321354999,0,1,0,0,0
575737388022700,756.7528038452734,83.62119478141449,0,1,0,0,0
575737398136100,756.0496681162737,83.80430304417484,0,1,0,0,0
575737408106100,755.932478828107,83.87754634927899,0,1,0,0,0
575737423598800,756.108262760357,83.87754634927899,0,1,0,0,0
575737439346100,757.04577706569,84.2437628747997,0,1,0,0,0
575737449347300,758.6278324559396,84.42687113756006,0,1,0,0,0
575737459347000,760.7372396429389,84.5001144426642,0,1,0,0,0
575737470262300,761.5575646601053,84.42687113756006,0,1,1,16831,0
575737480266200,762.5536736095216,84.17051956969556,0,1,1,20191,0
575737490267700,762.7294575417716,83.9874113069352,0,1,1,22975,0
575737500278900,762.7880521858549,83.87754634927899,0,1,1,25183,0
575737519741000,762.7880521858549,83.87754634927899,0,1,1,25183,0
575737538406500,762.7880521858549,83.87754634927899,0,1,1,25183,0
575737565541000,762.7880521858549,83.87754634927899,0,1,1,25183,0
575737575547100,764.487296864271,85.56214236667427,0,1,0,0,0
575737588676600,764.3701075761044,85.92835889219498,0,1,0,0,0
575737598689200,763.0810254062715,85.92835889219498,0,1,0,0,0
575737608991800,762.0849164568551,85.48889906157012,0,1,0,0,0
575737621126600,761.0302128633555,84.2437628747997,0,1,0,0,0
575737631168500,761.7333485923552,83.54795147631035,0,1,0,0,0
575737641162300,762.612268253605,83.54795147631035,0,1,0,0,0
575737657711700,763.3154039826047,83.54795147631035,0,1,0,0,0
575737672703600,764.3115129320211,83.18173495078963,0,1,0,0,0
575737682695300,763.8427557793545,81.68024719615471,0,1,0,0,0
575737692852400,763.6083772030213,81.0576791027695,0,1,0,0,0
575737706480200,763.4325932707713,80.50835431448843,0,1,0,0,0
575737720510800,763.4911879148547,80.06889448386357,0,1,1,14560,0
575737727652800,764.0185397116045,80.14213778896772,0,1,1,17855,0
575737737681100,764.3115129320211,80.25200274662393,0,1,1,22495,0
575737747723800,764.487296864271,80.14213778896772,0,1,1,26623,0
575737757998000,764.8388647287709,79.99565117875943,0,1,1,31359,0
575737790198900,764.9560540169375,79.99565117875943,0,1,1,32223,0
575737805866800,764.9560540169375,79.99565117875943,0,1,1,32223,0
575737825691000,765.3076218814374,80.14213778896772,0,1,1,20511,0
575737839571600,765.3076218814374,80.14213778896772,0,1,1,20511,0
575737855204000,765.4834058136873,82.00984206912335,0,1,0,0,0
575737872819000,764.3701075761044,82.19295033188371,0,1,0,0,0
575737889208200,762.612268253605,81.75349050125885,0,1,0,0,0
575737905330100,760.8544289311055,80.76470588235293,0,1,0,0,0
575737923367600,760.6786449988556,80.43511100938429,0,1,0,0,0
575737938982300,760.7372396429389,80.14213778896772,0,1,0,0,0
575737957758800,760.5028610666056,80.06889448386357,0,1,0,0,0
575737972867300,759.8583199816892,79.88578622110322,0,1,0,0,0
575737990570200,758.510643167773,79.5195696955825,0,1,0,0,0
575738007529400,757.983291371023,79.08010986495765,0,1,0,0,0
575738023923600,757.6317235065231,78.45754177157244,0,1,0,0,0
575738039910500,757.6317235065231,77.65186541542687,0,1,0,0,0
575738057851100,758.6864271000229,76.3334859235523,0,1,0,0,0
575738075855100,760.561455710689,75.45456626230259,0,1,0,0,0
575738088257100,762.436484321355,74.90524147402152,0,1,1,20895,0
575738104728200,763.3154039826047,74.83199816891738,0,1,1,24895,0
575738121021700,763.4325932707713,74.72213321126117,0,1,1,31871,0
575738139218500,764.0185397116045,74.90524147402152,0,1,1,32768,0
575738156985200,764.3701075761044,75.08834973678188,0,1,1,27647,0
575738182757200,765.3662165255207,76.26024261844816,0,1,1,15744,0
575738194760100,765.3662165255207,76.26024261844816,0,1,1,15744,0
575738216472600,763.7841611352712,79.88578622110322,0,1,0,0,0
575738226471200,758.6278324559396,82.74227512016478,0,1,0,0,0
575738241158400,758.9794003204395,83.43808651865413,0,1,0,0,0
575738258372200,762.2021057450218,85.41565575646598,0,1,0,0,0
575738275890600,766.7138933394369,87.35660334172576,0,1,0,0,0
575738288733900,771.4014648661021,88.67498283360032,0,1,0,0,0
575738298819300,772.690547035935,88.67498283360032,0,1,0,0,0
575738308827800,773.1007095445182,88.78484779125654,0,1,0,0,0
575738325086700,773.3936827649347,88.85809109636068,0,1,0,0,0
575738356864700,773.8038452735179,89.29755092698554,0,1,0,0,0
575738374254600,773.8038452735179,89.29755092698554,0,1,0,0,0
575738390464200,773.8038452735179,89.29755092698554,0,1,0,0,0
575738409327500,773.2764934767681,89.2243076218814,0,1,0,0,0
575738425075400,773.2764934767681,89.2243076218814,0,1,0,0,0
575738441010900,777.7296864271,89.04119935912104,0,1,0,0,0
575738457331800,780.8352025635156,89.15106431677725,0,1,0,0,0
575738474364800,784.643854428931,89.29755092698554,0,1,0,0,0
575738490863000,789.2142366674296,89.29755092698554,0,1,0,0,0
575738507173900,796.4799725337606,89.04119935912104,0,1,0,0,0
575738524111300,800.8159761959258,88.41863126573583,0,1,0,0,0
575738540322700,805.3863584344243,87.61295490959026,0,1,0,0,0
575738555465900,809.5465781643396,86.80727855344469,0,1,0,0,0
575738572273500,813.2966353856717,85.92835889219498,0,1,0,0,0
575738589117800,817.1052872510871,84.5001144426642,0,1,0,0,0
575738606640700,818.9803158617533,83.43808651865413,0,1,0,0,0
575738624042900,820.3279926756695,82.92538338292513,0,1,0,0,0
575738640323900,821.2069123369192,82.63241016250856,0,1,0,0,0
575738656982300,822.3788052185855,82.74227512016478,0,1,0,0,0
575738674966300,822.9061570153353,83.18173495078963,0,1,0,0,0
575738692014100,823.3163195239185,84.17051956969556,0,1,0,0,0
575738707224900,824.0194552529183,86.29457541771569,0,1,0,0,0
575738724670500,824.4882124055848,87.61295490959026,0,1,0,0,0
575738741246700,825.1913481345846,88.78484779125654,0,1,0,0,0
575738758304200,826.011673151751,89.4806591897459,0,1,0,0,0
575738773560800,826.7148088807508,89.8468757152666,0,1,0,0,0
575738790015200,827.4765392538338,89.8468757152666,0,1,0,0,0
575738806613600,828.6484321355001,89.8468757152666,0,1,0,0,0
575738822477700,829.3515678644999,89.66376745250625,0,1,0,0,0
575738839435200,829.3515678644999,89.66376745250625,0,1,0,0,0
575738855685900,829.3515678644999,89.66376745250625,0,1,0,0,0
575738872426300,829.3515678644999,89.66376745250625,0,1,0,0,0
575738889135900,829.3515678644999,89.66376745250625,0,1,0,0,0
575738905938900,829.3515678644999,89.66376745250625,0,1,0,0,0
575738921903100,829.3515678644999,89.66376745250625,0,1,0,0,0
575738938615300,829.3515678644999,89.66376745250625,0,1,0,0,0
575738956028000,829.3515678644999,89.66376745250625,0,1,0,0,0
575738972892900,829.3515678644999,89.66376745250625,0,1,0,0,0
575738989414200,829.3515678644999,89.66376745250625,0,1,0,0,0
575739006369100,829.3515678644999,89.66376745250625,0,1,0,0,0
575739021501800,829.3515678644999,89.66376745250625,0,1,0,0,0
575739039728700,829.3515678644999,89.66376745250625,0,1,0,0,0
575739055893300,829.3515678644999,89.66376745250625,0,1,0,0,0
575739072597800,829.3515678644999,89.66376745250625,0,1,0,0,0
575739089938500,829.3515678644999,89.66376745250625,0,1,0,0,0
575739106244700,829.3515678644999,89.66376745250625,0,1,0,0,0
575739122516400,829.3515678644999,89.66376745250625,0,1,0,0,0
575739139265100,829.3515678644999,89.66376745250625,0,1,0,0,0
575739155562600,829.3515678644999,89.66376745250625,0,1,0,0,0
575739172332400,829.3515678644999,89.66376745250625,0,1,0,0,0
575739190127200,829.3515678644999,89.66376745250625,0,1,0,0,0
575739205722000,829.3515678644999,89.66376745250625,0,1,0,0,0
575739222474300,829.3515678644999,89.66376745250625,0,1,0,0,0
575739238725200,829.3515678644999,89.66376745250625,0,1,0,0,0
575739255912300,829.3515678644999,89.66376745250625,0,1,0,0,0
575739272581400,829.3515678644999,89.66376745250625,0,1,0,0,0
575739290357200,829.3515678644999,89.66376745250625,0,1,0,0,0
575739306087100,829.3515678644999,89.66376745250625,0,1,0,0,0
575739323753300,829.3515678644999,89.66376745250625,0,1,0,0,0
575739339583600,829.3515678644999,89.66376745250625,0,1,0,0,0
575739356630200,829.3515678644999,89.66376745250625,0,1,0,0,0
575739372127300,829.3515678644999,89.66376745250625,0,1,0,0,0
575739376831400,829.3515678644999,89.66376745250625,0,1,0,0,0
575739389456600,829.3515678644999,89.66376745250625,0,1,0,0,0
575739399496100,829.3515678644999,89.66376745250625,0,1,0,0,0
575739409496800,829.3515678644999,89.66376745250625,0,1,0,0,0
575739422854000,829.3515678644999,89.66376745250625,0,1,0,0,0
575739432858100,829.3515678644999,89.66376745250625,0,1,0,0,0
575739442860100,829.3515678644999,89.66376745250625,0,1,0,0,0
575739456129000,829.3515678644999,89.66376745250625,0,1,0,0,0
575739466129300,829.3515678644999,89.66376745250625,0,1,0,0,0
575739476235400,829.3515678644999,89.66376745250625,0,1,0,0,0
575739489616400,829.3515678644999,89.66376745250625,0,1,0,0,0
575739499618800,829.3515678644999,89.66376745250625,0,1,0,0,0
575739509619400,829.3515678644999,89.66376745250625,0,1,0,0,0
575739522751900,829.3515678644999,89.66376745250625,0,1,0,0,0
575739532750500,829.3515678644999,89.66376745250625,0,1,0,0,0
575739542755200,829.3515678644999,89.66376745250625,0,1,0,0,0
575739555565600,829.3515678644999,89.66376745250625,0,1,0,0,0
575739565567100,829.3515678644999,89.66376745250625,0,1,0,0,0
575739575573400,829.3515678644999,89.66376745250625,0,1,0,0,0
575739589275800,829.3515678644999,89.66376745250625,0,1,0,0,0
575739599280100,829.3515678644999,89.66376745250625,0,1,0,0,0
575739609281300,829.3515678644999,89.66376745250625,0,1,0,0,1
575739622228800,829.3515678644999,89.66376745250625,0,1,0,0,0
575739632235800,829.3515678644999,89.66376745250625,0,1,0,0,0
575739642679900,829.3515678644999,89.66376745250625,0,1,0,0,0
575739655793300,829.3515678644999,89.66376745250625,0,1,0,0,0
575739665891400,829.3515678644999,89.66376745250625,0,1,0,0,0
575739675890700,829.3515678644999,89.66376745250625,0,1,0,0,0
575739689154500,829.3515678644999,89.66376745250625,0,1,0,0,0
575739699156200,829.3515678644999,89.66376745250625,0,1,0,0,0
575739709193700,829.3515678644999,89.66376745250625,0,1,0,0,0
575739723522000,829.3515678644999,89.66376745250625,0,1,0,0,0
575739733524400,829.3515678644999,89.66376745250625,0,1,0,0,0
575739743706600,829.3515678644999,89.66376745250625,0,1,0,0,0
575739758956100,829.3515678644999,89.66376745250625,0,1,0,0,0
575739772731800,829.3515678644999,89.66376745250625,0,1,0,0,0
575739782733900,829.3515678644999,89.66376745250625,0,1,0,0,0
575739793041900,829.3515678644999,89.66376745250625,0,1,0,0,0
575739806681900,829.3515678644999,89.66376745250625,0,1,0,0,0
575739816685900,829.3515678644999,89.66376745250625,0,1,0,0,0
575739826693200,829.3515678644999,89.66376745250625,0,1,0,0,0
575739839667300,829.3515678644999,89.66376745250625,0,1,0,0,0
575739849617600,829.3515678644999,89.66376745250625,0,1,0,0,0
575739860550200,829.3515678644999,89.66376745250625,0,1,0,0,0
575739872965800,829.3515678644999,89.66376745250625,0,1,0,0,0
575739882975700,829.3515678644999,89.66376745250625,0,1,0,0,0
575739892975000,829.3515678644999,89.66376745250625,0,1,0,0,0
575739906187900,829.3515678644999,89.66376745250625,0,1,0,0,0
575739916193000,829.3515678644999,89.66376745250625,0,1,0,0,0
575739926199200,829.3515678644999,89.66376745250625,0,1,0,0,0
575739939697900,829.3515678644999,89.66376745250625,0,1,0,0,0
575739949706000,829.3515678644999,89.66376745250625,0,1,0,0,0
575739959703900,829.3515678644999,89.66376745250625,0,1,0,0,0
575739972489800,829.3515678644999,89.66376745250625,0,1,0,0,0
575739982512600,829.3515678644999,89.66376745250625,0,1,0,0,0
575739992973000,829.3515678644999,89.66376745250625,0,1,0,0,0
575740005848900,829.3515678644999,89.66376745250625,0,1,0,0,0
575740015802400,829.3515678644999,89.66376745250625,0,1,0,0,0
575740025809200,829.3515678644999,89.66376745250625,0,1,0,0,0
575740039571900,829.3515678644999,89.66376745250625,0,1,0,0,0
575740049574700,829.3515678644999,89.66376745250625,0,1,0,0,0
575740059573600,829.3515678644999,89.66376745250625,0,1,0,0,0
575740073131100,829.3515678644999,89.66376745250625,0,1,0,0,0
575740083142500,829.3515678644999,89.66376745250625,0,1,0,0,0
575740093148400,829.3515678644999,89.66376745250625,0,1,0,0,0
575740106450500,829.3515678644999,89.66376745250625,0,1,0,0,0
575740116462200,829.3515678644999,89.66376745250625,0,1,0,0,0
575740126471200,829.3515678644999,89.66376745250625,0,1,0,0,0
575740139963800,829.3515678644999,89.66376745250625,0,1,0,0,0
575740149963500,829.3515678644999,89.66376745250625,0,1,0,0,0
575740159970700,829.3515678644999,89.66376745250625,0,1,0,0,0
575740173230800,829.3515678644999,89.66376745250625,0,1,0,0,0
575740184079300,829.3515678644999,89.66376745250625,0,1,0,0,0
575740194230000,829.3515678644999,89.66376745250625,0,1,0,0,0
575740206018600,829.3515678644999,89.66376745250625,0,1,0,0,0
575740217048300,829.3515678644999,89.66376745250625,0,1,0,0,0
575740227050100,829.3515678644999,89.66376745250625,0,1,0,0,0
575740240302400,829.3515678644999,89.66376745250625,0,1,0,0,0
575740250300300,829.3515678644999,89.66376745250625,0,1,0,0,0
575740260663400,829.3515678644999,89.66376745250625,0,1,0,0,0
575740273772100,829.3515678644999,89.66376745250625,0,1,0,0,0
575740283778200,829.3515678644999,89.66376745250625,0,1,0,0,0
575740293785700,829.3515678644999,89.66376745250625,0,1,0,0,0
575740307235400,829.3515678644999,89.66376745250625,0,1,0,0,0
575740317237700,829.3515678644999,89.66376745250625,0,1,0,0,0
575740327414800,829.3515678644999,89.66376745250625,0,1,0,0,0
575740339782000,829.3515678644999,89.66376745250625,0,1,0,0,0
575740349786900,829.3515678644999,89.66376745250625,0,1,0,0,0
575740359787900,829.3515678644999,89.66376745250625,0,1,0,0,0
575740372762100,829.3515678644999,89.66376745250625,0,1,0,0,0
575740383399600,829.3515678644999,89.66376745250625,0,1,0,0,0
575740393394600,829.3515678644999,89.66376745250625,0,1,0,0,0
575740406337600,829.3515678644999,89.66376745250625,0,1,0,0,0
575740416336200,829.3515678644999,89.66376745250625,0,1,0,0,0
575740426391600,829.3515678644999,89.66376745250625,0,1,0,0,0
575740439620200,829.3515678644999,89.66376745250625,0,1,0,0,0
575740449647100,829.3515678644999,89.66376745250625,0,1,0,0,0
575740460334600,829.3515678644999,89.66376745250625,0,1,0,0,0
575740473199400,829.3515678644999,89.66376745250625,0,1,0,0,0
575740483330500,829.3515678644999,89.66376745250625,0,1,0,0,0
575740493404700,829.3515678644999,89.66376745250625,0,1,0,0,0
575740506135400,829.3515678644999,89.66376745250625,0,1,0,0,0
575740516154600,829.3515678644999,89.66376745250625,0,1,0,0,0
575740526154200,829.3515678644999,89.66376745250625,0,1,0,0,0
575740539891000,829.3515678644999,89.66376745250625,0,1,0,0,0
575740549894200,829.3515678644999,89.66376745250625,0,1,0,0,0
575740559891800,829.3515678644999,89.66376745250625,0,1,0,0,0
575740569897600,829.3515678644999,89.66376745250625,0,1,0,0,0
575740579901600,829.3515678644999,89.66376745250625,0,1,0,0,0
575740604898200,829.3515678644999,89.66376745250625,0,1,0,0,0
575740624033900,829.3515678644999,89.66376745250625,0,1,0,0,0
575740639489700,829.3515678644999,89.66376745250625,0,1,0,0,0
575740656797600,829.3515678644999,89.66376745250625,0,1,0,0,0
575740672583000,829.3515678644999,89.66376745250625,0,1,0,0,0
575740689224300,829.3515678644999,89.66376745250625,0,1,0,0,0
575740706813700,829.3515678644999,89.66376745250625,0,1,0,0,0
575740722402100,829.3515678644999,89.66376745250625,0,1,0,0,0
575740740264500,829.3515678644999,89.66376745250625,0,1,0,0,0
575740757157200,829.3515678644999,89.66376745250625,0,1,0,0,0
575740780753300,829.3515678644999,89.66376745250625,0,1,0,0,0
575740812099800,829.3515678644999,89.66376745250625,0,1,0,0,0
575740823287700,829.3515678644999,89.66376745250625,0,1,0,0,0
575740840268300,829.3515678644999,89.66376745250625,0,1,0,0,0
575740857128500,829.3515678644999,89.66376745250625,0,1,0,0,0
575740876331800,829.3515678644999,89.66376745250625,0,1,0,0,0
575740891638500,829.3515678644999,89.66376745250625,0,1,0,0,0
575740908793600,829.3515678644999,89.66376745250625,0,1,0,0,0
575740925486200,829.3515678644999,89.66376745250625,0,1,0,0,0
575740942626600,829.3515678644999,89.66376745250625,0,1,0,0,0
575740957839500,829.3515678644999,89.66376745250625,0,1,0,0,0
575740975337700,829.3515678644999,89.66376745250625,0,1,0,0,0
575740992363000,829.3515678644999,89.66376745250625,0,1,0,0,0
575741009355500,829.3515678644999,89.66376745250625,0,1,0,0,0
575741025501400,829.3515678644999,89.66376745250625,0,1,0,0,0
575741042448900,829.3515678644999,89.66376745250625,0,1,0,0,0
575741058445000,829.3515678644999,89.66376745250625,0,1,0,0,0
575741074791900,829.3515678644999,89.66376745250625,0,1,0,0,0
575741091797100,829.3515678644999,89.66376745250625,0,1,0,0,0
575741107900600,829.3515678644999,89.66376745250625,0,1,0,0,0
575741124689100,829.3515678644999,89.66376745250625,0,1,0,0,0
575741140792500,829.3515678644999,89.66376745250625,0,1,0,0,0
575741158279100,829.3515678644999,89.66376745250625,0,1,0,0,0
575741174381600,829.3515678644999,89.66376745250625,0,1,0,0,0
575741190951600,829.3515678644999,89.66376745250625,0,1,0,0,0
575741206974900,829.3515678644999,89.66376745250625,0,1,0,0,0
575741223850100,829.3515678644999,89.66376745250625,0,1,0,0,0
575741240200000,829.3515678644999,89.66376745250625,0,1,0,0,0
575741257634400,829.3515678644999,89.66376745250625,0,1,0,0,0
575741274715100,829.3515678644999,89.66376745250625,0,1,0,0,0
575741290910200,829.3515678644999,89.66376745250625,0,1,0,0,0
575741307320000,829.3515678644999,89.66376745250625,0,1,0,0,0
575741324228600,829.3515678644999,89.66376745250625,0,1,0,0,0
575741340824600,829.3515678644999,89.66376745250625,0,1,0,0,0
575741357394200,829.3515678644999,89.66376745250625,0,1,0,0,0
575741373816900,829.3515678644999,89.66376745250625,0,1,0,0,0
575741390292400,829.3515678644999,89.66376745250625,0,1,0,0,0
575741407895700,829.3515678644999,89.66376745250625,0,1,0,0,0
575741424367600,829.3515678644999,89.66376745250625,0,1,0,0,0
575741440413300,829.3515678644999,89.66376745250625,0,1,0,0,0
575741457960600,829.3515678644999,89.66376745250625,0,1,0,0,0
575741474968600,829.3515678644999,89.66376745250625,0,1,0,0,0
575741491260700,829.3515678644999,89.66376745250625,0,1,0,0,0
575741507356800,829.3515678644999,89.66376745250625,0,1,0,0,0
575741524500600,829.3515678644999,89.66376745250625,0,1,0,0,0
575741541345600,829.3515678644999,89.66376745250625,0,1,0,0,0
575741557104800,829.3515678644999,89.66376745250625,0,1,0,0,0
575741574603600,829.3515678644999,89.66376745250625,0,1,0,0,0
575741591337700,829.3515678644999,89.66376745250625,0,1,0,0,0
575741607768100,829.3515678644999,89.66376745250625,0,1,0,0,0
575741624241600,829.3515678644999,89.66376745250625,0,1,0,0,0
575741640024800,829.3515678644999,89.66376745250625,0,1,0,0,0
575741650033200,829.3515678644999,89.66376745250625,0,1,0,0,0
575741660212000,829.3515678644999,89.66376745250625,0,1,0,0,0
575741674745500,829.3515678644999,89.66376745250625,0,1,0,0,0
575741690619100,829.3515678644999,89.66376745250625,0,1,0,0,0
575741707668400,829.3515678644999,89.66376745250625,0,1,0,0,0
575741725298000,829.3515678644999,89.66376745250625,0,1,0,0,0
575741740985200,829.3515678644999,89.66376745250625,0,1,0,0,0
575741756964000,829.3515678644999,89.66376745250625,0,1,0,0,0
575741766979000,829.3515678644999,89.66376745250625,0,1,0,0,0
575741777692200,829.3515678644999,89.66376745250625,0,1,0,0,0
575741791031200,829.3515678644999,89.66376745250625,0,1,0,0,0
575741807269600,829.3515678644999,89.66376745250625,0,1,0,0,0
575741824384200,829.3515678644999,89.66376745250625,0,1,0,0,0
575741840681600,829.3515678644999,89.66376745250625,0,1,0,0,0
575741856687300,829.3515678644999,89.66376745250625,0,1,0,0,0
