host_timestamp,arduino_timestamp,ax,ay,az,gx,gy,gz,temperature
2985375668000,192416,-7.9346,-0.5503,-5.6913,0.7074,-1.3402,-0.8491,19.78
2985386771600,192428,-7.8509,-0.5121,-5.7655,2.2150,-4.9688,-1.6689,19.78
2985398527600,192439,-7.7623,-0.3194,-5.7799,0.7074,-1.8680,-0.4264,19.82
2985409734200,192450,-7.8114,-0.2010,-5.7691,0.1075,-0.2639,-0.0305,19.82
2985420730000,192461,-7.8293,-0.3099,-5.7380,0.0293,-0.0220,-0.0012,19.79
2985431679900,192473,-7.8879,-0.3170,-5.7607,-0.0147,-0.0428,0.0098,19.79
2985443550600,192484,-7.8389,-0.3314,-5.7846,-0.0440,-0.0489,0.0281,19.79
2985454739400,192495,-7.8808,-0.4666,-5.9091,-0.1429,-0.0660,0.0684,19.84
2985465492800,192506,-8.0219,-0.4857,-5.7655,-0.1820,-0.1002,0.1100,19.84
2985477477900,192518,-7.9226,-0.3063,-5.7452,-0.1258,-0.0965,0.0782,19.86
2985488523000,192529,-7.9047,-0.1711,-5.6267,-0.1210,-0.1063,0.0489,19.86
2985499558000,192540,-7.8640,-0.1029,-5.5454,-0.1014,-0.1014,0.0147,19.81
2985510783600,192551,-7.7970,-0.1627,-5.4245,-0.1246,-0.0929,-0.0220,19.81
2985522626200,192563,-7.7886,-0.1998,-5.5238,-0.0843,-0.1075,-0.0354,19.82
2985533732600,192574,-7.8185,-0.3099,-5.5561,-0.0623,-0.1539,-0.0342,19.80
2985544767000,192585,-7.9011,-0.3541,-5.4485,-0.0794,-0.2126,-0.0061,19.80
2985556558100,192598,-8.0231,-0.3781,-5.3216,-0.0733,-0.2492,0.0318,19.91
2985567656800,192609,-8.0554,-0.3278,-5.2319,-0.0562,-0.2651,0.0648,19.91
2985578775000,192620,-8.0471,-0.1615,-5.1649,-0.0538,-0.2639,0.0782,19.88
2985589794900,192631,-8.0183,0.0191,-5.1840,-0.0806,-0.2480,0.0648,19.88
2985601625600,192643,-8.1547,0.0156,-5.1960,-0.0831,-0.1772,0.0049,19.88
2985612666100,192654,-8.2110,-0.0443,-5.1625,-0.0843,-0.1466,-0.0354,19.87
2985623740300,192665,-8.2433,-0.0622,-5.1075,-0.0464,-0.1271,-0.0501,19.87
2985635578000,192676,-8.2074,-0.0909,-5.1314,-0.0415,-0.1002,-0.0464,19.87
2985646719600,192688,-8.2672,-0.1711,-5.1721,-0.0428,-0.0843,-0.0342,19.87
2985657830400,192699,-8.2792,-0.1795,-5.1482,-0.0244,-0.0806,-0.0195,19.87
2985669582800,192710,-8.2732,-0.1232,-5.1087,0.0049,-0.0794,-0.0110,19.87
2985680683900,192721,-8.2911,-0.1268,-5.0967,0.0281,-0.0733,-0.0122,19.86
2985691593100,192733,-8.2971,-0.2166,-5.1673,0.0354,-0.0501,-0.0073,19.87
2985702773800,192744,-8.2851,-0.2082,-5.1685,0.0269,-0.0428,0.0012,19.87
2985714568800,192755,-8.2385,-0.1866,-5.1984,0.0195,-0.0281,0.0049,19.91
2985725470000,192766,-8.2110,-0.1974,-5.2678,0.0195,-0.0098,-0.0049,19.91
2985736770500,192778,-8.1751,-0.1783,-5.3252,0.0232,0.0086,-0.0159,19.89
2985747823500,192789,-8.0889,-0.1101,-5.3348,0.0318,0.0183,-0.0208,19.89
2985759612500,192800,-8.0004,-0.0323,-5.3527,0.0476,0.0293,-0.0354,19.90
2985770528100,192812,-7.9418,-0.0790,-5.5358,0.0476,0.0428,-0.0574,19.90
2985781704300,192823,-7.8975,-0.1244,-5.5238,0.0330,0.0171,-0.0733,19.87
2985793427500,192834,-7.9035,-0.1017,-5.5741,0.0391,-0.0134,-0.0574,19.89
2985804653300,192845,-7.9669,-0.2094,-5.5741,0.0318,-0.0501,-0.0513,19.89
2985815556200,192857,-8.0231,-0.2106,-5.5884,0.0415,-0.0843,-0.0367,19.89
2985826655300,192868,-8.1177,-0.2524,-5.5047,0.0220,-0.1148,-0.0147,19.89
2985838514700,192879,-8.1523,-0.2441,-5.3839,-0.0012,-0.1234,0.0049,19.92
2985849653100,192890,-8.1571,-0.1759,-5.3133,-0.0037,-0.1087,0.0134,19.92
2985861415000,192902,-8.1356,-0.0491,-5.1960,0.0012,-0.0843,-0.0183,19.90
2985871751900,192913,-8.1380,-0.1531,-5.1996,0.0269,-0.0269,-0.0379,19.89
2985883490600,192924,-8.0985,-0.2393,-5.3276,0.0330,-0.0061,-0.0464,19.89
2985894668800,192935,-8.0889,-0.2417,-5.4030,0.0244,-0.0122,-0.0403,19.94
2985905538600,192947,-8.0435,-0.2177,-5.3372,0.0000,-0.0379,-0.0330,19.94
2985917187300,192958,-8.0770,-0.1711,-5.2929,-0.0086,-0.0574,-0.0305,19.91
2985928668500,192969,-8.1380,-0.1711,-5.1960,0.0049,-0.0672,-0.0330,19.91
2985939506900,192980,-8.1320,-0.1627,-5.1685,0.0257,-0.0696,-0.0257,19.89
2985950982600,192992,-8.2205,-0.2297,-5.1912,0.0428,-0.0562,-0.0232,19.89
2985962405300,193003,-8.2409,-0.3637,-5.3037,0.0599,-0.0440,-0.0269,19.94
2985973581800,193014,-8.2648,-0.3494,-5.3408,0.0550,-0.0415,-0.0159,19.93
2985984638400,193026,-8.2277,-0.2824,-5.2499,0.0354,-0.0391,0.0037,19.93
2985995807200,193037,-8.1858,-0.1914,-5.2104,0.0293,-0.0232,0.0159,19.86
2986007331100,193048,-8.1703,-0.1496,-5.2235,0.0452,-0.0037,0.0122,19.86
2986018359400,193059,-8.0913,-0.1496,-5.3049,0.0599,0.0110,-0.0049,19.89
2986029525900,193071,-8.1129,-0.1161,-5.3515,0.0782,0.0147,-0.0293,19.89
2986041365900,193082,-8.1607,-0.2273,-5.3767,0.0757,0.0159,-0.0354,19.90
2986052532000,193093,-8.1392,-0.2560,-5.4640,0.0745,0.0122,-0.0232,19.88
2986063515700,193104,-8.1476,-0.2500,-5.4867,0.0574,0.0012,-0.0049,19.88
2986074487900,193116,-8.1559,-0.2166,-5.4150,0.0464,-0.0110,0.0159,19.91
2986086262300,193127,-8.1332,-0.1759,-5.3886,0.0501,-0.0098,0.0379,19.91
2986097395000,193138,-8.0782,-0.1591,-5.4604,0.0648,0.0012,0.0550,19.94
2986108670000,193149,-8.0040,-0.1771,-5.5777,0.0562,0.0086,0.0538,19.94
2986119420000,193161,-7.9322,-0.1184,-5.6136,0.0281,0.0049,0.0379,19.92
2986131297900,193172,-7.9226,-0.0550,-5.4832,0.0195,-0.0037,-0.0098,19.90
2986142473600,193183,-7.9107,-0.1268,-5.5322,0.0428,0.0012,-0.0244,19.90
2986153352200,193195,-7.8951,-0.2142,-5.6375,0.0476,-0.0037,-0.0269,19.94
2986164488700,193206,-7.8544,-0.2608,-5.6770,0.0269,-0.0208,-0.0134,19.94
2986176465900,193217,-7.8497,-0.2261,-5.6710,0.0098,-0.0428,0.0000,19.91
2986187520800,193228,-7.8724,-0.1819,-5.6064,-0.0110,-0.0635,0.0122,19.91
2986198553900,193240,-7.9262,-0.1567,-5.5238,-0.0232,-0.0794,0.0183,19.94
2986209634200,193251,-7.9561,-0.1041,-5.3360,-0.0318,-0.0904,0.0183,19.94
2986221526600,193262,-7.9813,-0.0036,-5.2905,0.0061,-0.0929,-0.0122,19.91
2986232491800,193273,-8.0100,-0.0706,-5.2869,0.0318,-0.0843,-0.0318,19.94
2986243647800,193285,-8.0674,-0.1675,-5.3922,0.0415,-0.0782,-0.0428,19.94
2986254826400,193296,-8.1356,-0.2489,-5.4257,0.0269,-0.0770,-0.0403,19.98
2986266526600,193307,-8.1535,-0.2369,-5.3958,0.0086,-0.0782,-0.0171,19.98
2986277670900,193318,-8.1523,-0.1711,-5.3647,-0.0012,-0.0721,0.0073,19.92
2986288730900,193330,-8.1141,-0.0802,-5.3527,-0.0037,-0.0623,0.0208,19.92
2986300533600,193341,-8.0734,0.0239,-5.3659,0.0012,-0.0489,0.0195,19.92
2986311553000,193352,-8.0495,0.0239,-5.3886,0.0305,-0.0354,-0.0220,19.93
2986322593700,193363,-8.0901,-0.0742,-5.3982,0.0415,-0.0391,-0.0367,19.93
2986333743600,193375,-8.1332,-0.1496,-5.4305,0.0379,-0.0464,-0.0318,19.95
2986345388300,193386,-8.1009,-0.1950,-5.4030,0.0195,-0.0525,-0.0073,19.95
2986356644100,193397,-8.0818,-0.1472,-5.3779,0.0147,-0.0513,0.0134,19.92
2986367771500,193409,-8.0507,-0.0706,-5.3827,0.0293,-0.0415,0.0122,19.92
2986378735700,193420,-8.0327,-0.1113,-5.3970,0.0305,-0.0244,-0.0012,19.93
2986390595800,193431,-7.8987,-0.0407,-5.4592,0.0195,-0.0122,-0.0110,19.93
2986401692600,193442,-7.8401,-0.0060,-5.4580,0.0195,-0.0110,-0.0367,19.93
2986412725100,193454,-7.8269,-0.0275,-5.4963,0.0232,-0.0195,-0.0464,19.94
2986423811000,193465,-7.8640,-0.0909,-5.5238,0.0330,-0.0354,-0.0464,19.94
2986435605400,193476,-7.9143,-0.1555,-5.5430,0.0489,-0.0538,-0.0415,19.94
2986446791400,193487,-7.9633,-0.2034,-5.5801,0.0464,-0.0660,-0.0342,19.94
2986457788700,193499,-7.9908,-0.1783,-5.5753,0.0342,-0.0745,-0.0244,19.98
2986469582900,193510,-7.9992,-0.1053,-5.5274,0.0318,-0.0757,-0.0257,19.98
2986480646700,193521,-7.9968,-0.1364,-5.5609,0.0281,-0.0660,-0.0501,19.95
2986491832700,193532,-8.0100,-0.1448,-5.5525,-0.0220,-0.0599,-0.0501,19.93
2986502750600,193544,-7.9765,-0.0790,-5.4891,-0.0403,-0.0696,-0.0452,19.93
2986514562900,193555,-8.0004,-0.0072,-5.4425,-0.0281,-0.0770,-0.0440,19.94
2986525509400,193566,-8.0064,-0.0443,-5.4293,-0.0147,-0.0819,-0.0464,19.94
2986536796600,193577,-8.0255,-0.0586,-5.4054,-0.0012,-0.0855,-0.0428,19.95
2986547935300,193589,-8.0088,-0.0730,-5.3886,0.0012,-0.0843,-0.0342,19.95
2986559602800,193600,-8.0064,-0.0754,-5.4030,0.0000,-0.0806,-0.0342,19.98
2986570647100,193611,-8.0231,-0.1244,-5.4736,0.0073,-0.0794,-0.0635,19.98
2986581885800,193623,-8.0710,-0.1866,-5.4485,0.0195,-0.0880,-0.0684,19.95
2986593463000,193634,-8.1033,-0.2393,-5.3970,-0.0049,-0.0941,-0.0525,19.93
2986604497100,193645,-8.1512,-0.1890,-5.3336,-0.0208,-0.0953,-0.0257,19.93
2986615695100,193656,-8.1356,-0.1352,-5.2594,-0.0171,-0.0916,-0.0061,19.94
2986626772000,193668,-8.1500,-0.0718,-5.2534,0.0098,-0.0819,-0.0061,19.94
2986638480700,193679,-8.1320,-0.1029,-5.2439,0.0232,-0.0660,-0.0171,20.00
2986649496500,193690,-8.1380,-0.1304,-5.2929,0.0354,-0.0513,-0.0257,20.00
2986660802500,193701,-8.1452,-0.2369,-5.4066,0.0330,-0.0464,-0.0195,19.98
2986671677300,193713,-8.1535,-0.1938,-5.3827,0.0171,-0.0550,0.0000,19.94
2986683416400,193724,-8.1177,-0.1663,-5.3635,0.0195,-0.0538,0.0159,19.94
2986694904900,193735,-8.0973,-0.1280,-5.3874,0.0354,-0.0489,0.0195,19.98
2986705793400,193746,-8.0495,-0.0766,-5.4054,0.0391,-0.0440,0.0147,19.98
2986716772600,193758,-8.0136,-0.0347,-5.4042,0.0428,-0.0391,0.0049,19.96
2986728627400,193769,-7.9573,-0.0108,-5.4078,0.0440,-0.0342,-0.0086,19.96
2986739749900,193780,-7.9717,-0.0562,-5.4951,0.0525,-0.0342,-0.0195,19.98
2986750778300,193792,-8.0136,-0.1316,-5.5298,0.0391,-0.0648,-0.0049,19.96
2986761678700,193803,-8.0255,-0.1196,-5.4963,0.0330,-0.0696,0.0086,19.96
2986773654800,193814,-8.0411,-0.0275,-5.4568,0.0415,-0.0684,0.0110,19.96
2986784677500,193825,-8.0160,-0.0778,-5.4377,0.0305,-0.0586,0.0073,19.96
2986795974700,193837,-7.9813,-0.0467,-5.4748,0.0244,-0.0476,0.0012,19.98
2986807524300,193848,-7.9932,-0.0538,-5.4867,0.0171,-0.0415,-0.0086,19.98
2986818552200,193859,-7.9932,-0.0634,-5.4425,0.0086,-0.0428,-0.0159,19.99
2986829667100,193870,-8.0136,-0.0311,-5.3874,0.0134,-0.0476,-0.0183,19.99
2986840631100,193882,-7.9980,-0.0526,-5.3839,0.0293,-0.0525,-0.0293,19.95
2986852477000,193893,-7.9992,-0.0658,-5.3420,0.0122,-0.0562,-0.0232,19.99
2986863587600,193904,-8.0195,-0.0347,-5.3216,0.0049,-0.0525,-0.0122,19.99
2986874652500,193915,-8.0339,-0.0359,-5.3276,0.0086,-0.0452,-0.0073,19.95
2986885724300,193927,-8.0471,-0.0311,-5.3360,0.0232,-0.0415,-0.0073,19.95
2986897598400,193938,-8.0279,-0.0586,-5.3563,0.0281,-0.0379,-0.0134,19.97
2986908763300,193949,-8.0100,-0.0610,-5.4006,0.0244,-0.0354,-0.0318,19.97
2986919722500,193960,-8.0016,-0.1807,-5.4867,0.0208,-0.0354,-0.0501,20.00
2986930891000,193972,-8.0207,-0.2154,-5.5023,0.0110,-0.0538,-0.0501,19.99
2986942569300,193983,-7.9729,-0.1687,-5.4736,0.0024,-0.0635,-0.0330,19.99
2986953548100,193994,-7.9645,-0.0730,-5.4520,0.0086,-0.0672,-0.0293,19.99
2986964793600,194006,-7.9825,-0.0419,-5.4174,0.0134,-0.0635,-0.0403,19.99
2986976567200,194017,-7.9513,-0.0658,-5.4341,0.0171,-0.0550,-0.0476,20.00
2986987631600,194028,-7.9131,-0.0096,-5.4879,0.0232,-0.0513,-0.0476,20.00
2986998649100,194039,-7.9143,-0.0012,-5.5490,0.0269,-0.0476,-0.0599,19.95
2987009756800,194051,-7.9848,-0.0802,-5.6770,0.0281,-0.0501,-0.0733,19.95
2987021318500,194062,-7.9932,-0.0730,-5.6566,-0.0122,-0.0721,-0.0635,19.98
2987032632000,194073,-8.0183,-0.0586,-5.6459,-0.0183,-0.0806,-0.0525,20.01
2987043556500,194084,-8.0339,-0.0550,-5.5980,-0.0220,-0.0843,-0.0391,20.01
2987054777600,194096,-8.0351,-0.0790,-5.5813,-0.0305,-0.0892,-0.0293,19.97
2987066772900,194107,-8.0399,-0.1005,-5.5119,-0.0379,-0.0990,-0.0293,19.97
2987077664600,194118,-8.1045,-0.1400,-5.4102,-0.0403,-0.1063,-0.0305,19.99
2987088745600,194129,-8.1380,-0.1938,-5.3539,-0.0403,-0.1112,-0.0293,19.99
2987100433200,194141,-8.1691,-0.2656,-5.2666,-0.0452,-0.1112,-0.0061,19.98
2987111571600,194152,-8.1870,-0.2321,-5.2008,-0.0550,-0.1038,0.0086,19.98
2987122634900,194163,-8.1739,-0.1555,-5.1338,-0.0391,-0.0904,0.0110,19.98
2987133678100,194174,-8.1464,-0.1041,-5.1350,-0.0183,-0.0721,0.0086,19.99
2987145490600,194186,-8.1177,-0.0455,-5.1087,-0.0012,-0.0550,0.0049,19.99
2987156576200,194197,-8.1021,0.0024,-5.1075,0.0110,-0.0391,0.0049,20.02
2987167764500,194208,-8.0794,0.0024,-5.1876,0.0305,-0.0281,0.0086,20.02
2987178726600,194220,-8.0578,0.0108,-5.3109,0.0452,-0.0281,0.0159,20.02
2987190408500,194231,-8.1308,-0.0455,-5.4520,0.0489,-0.0513,0.0244,20.02
2987201499800,194242,-8.1739,-0.0814,-5.4784,0.0403,-0.0550,0.0293,20.02
2987212622900,194253,-8.1344,-0.0299,-5.4700,0.0403,-0.0550,0.0367,20.01
2987223582000,194265,-8.0973,0.0538,-5.4700,0.0428,-0.0489,0.0379,20.01
2987235322700,194276,-8.0172,0.0586,-5.3264,0.0183,-0.0452,0.0269,19.97
2987246607000,194287,-7.9513,0.1687,-5.2881,0.0134,-0.0367,0.0269,19.97
2987257543600,194298,-7.9238,0.0981,-5.2678,0.0159,-0.0269,0.0232,20.01
2987269344400,194310,-7.8185,0.1268,-5.3300,0.0354,-0.0257,0.0232,20.01
2987280519700,194321,-7.8473,0.0826,-5.4520,0.0476,-0.0367,0.0012,20.00
2987291614100,194332,-7.8927,0.0526,-5.5537,0.0794,-0.0415,-0.0183,20.01
2987302665300,194343,-7.8844,0.0012,-5.5848,0.0672,-0.0452,-0.0305,20.01
2987313690900,194355,-7.8748,0.0778,-5.6040,0.0586,-0.0415,-0.0379,19.97
2987325522000,194366,-7.8748,0.0814,-5.6387,0.0464,-0.0330,-0.0452,19.97
2987336652600,194377,-7.8748,0.0802,-5.7021,0.0293,-0.0342,-0.0562,20.03
2987348090900,194388,-7.8736,0.0299,-5.7428,0.0086,-0.0501,-0.0648,20.03
2987358942800,194400,-7.9214,-0.0048,-5.6662,-0.0110,-0.0770,-0.0648,20.03
2987370512300,194411,-8.0243,-0.0730,-5.5155,-0.0342,-0.1222,-0.0391,20.03
2987381993600,194422,-8.0806,-0.0861,-5.4018,-0.0574,-0.1344,-0.0379,19.99
2987392822100,194434,-8.1153,-0.0802,-5.2810,-0.0440,-0.1295,-0.0391,20.02
2987404175500,194445,-8.1476,-0.0550,-5.1924,-0.0134,-0.1124,-0.0525,20.02
2987415285700,194456,-8.1763,-0.0957,-5.1781,-0.0024,-0.0867,-0.0611,20.04
2987426358700,194467,-8.2026,-0.1723,-5.2068,0.0000,-0.0660,-0.0550,20.04
2987437588900,194479,-8.2313,-0.1484,-5.2403,0.0147,-0.0562,-0.0354,20.02
2987449290800,194490,-8.2469,-0.1268,-5.1781,0.0110,-0.0562,-0.0086,20.02
2987460455200,194501,-8.1954,0.0323,-5.2223,0.0318,-0.0354,0.0159,20.00
2987471432700,194512,-8.1643,0.0562,-5.2786,0.0367,-0.0195,0.0024,20.00
2987482501400,194524,-8.1129,0.0526,-5.3097,0.0391,-0.0061,-0.0086,20.00
2987494287100,194535,-8.0626,0.0275,-5.4066,0.0501,0.0061,-0.0159,20.02
2987505738800,194546,-8.0016,0.0048,-5.5202,0.0696,0.0073,-0.0208,20.02
2987516556600,194557,-7.9609,-0.0144,-5.5765,0.0635,-0.0061,-0.0208,20.03
2987527805200,194569,-7.9190,-0.0287,-5.5717,0.0269,-0.0208,-0.0073,20.03
2987539412700,194580,-7.8688,0.0455,-5.2642,0.0073,-0.0354,0.0122,19.99
2987550530900,194591,-7.8401,0.1783,-5.4748,-0.0037,-0.0623,0.0037,20.04
2987561725900,194603,-7.8473,0.1507,-5.4556,0.0073,-0.0733,-0.0183,20.04
2987572770200,194614,-7.8832,0.1436,-5.4580,0.0159,-0.0843,-0.0305,20.01
2987584524500,194625,-7.9310,0.0203,-5.4102,0.0073,-0.0965,-0.0391,20.01
2987595540900,194636,-7.9334,-0.0156,-5.4233,0.0171,-0.0990,-0.0379,20.03
2987606657400,194648,-7.9466,-0.0383,-5.3946,0.0110,-0.1002,-0.0318,20.03
2987617688700,194659,-7.9071,0.0191,-5.3348,0.0073,-0.1026,-0.0367,20.02
2987629447400,194670,-7.8844,0.1137,-5.2259,0.0293,-0.0953,-0.0550,20.02
2987640601600,194681,-7.8281,0.1651,-5.2379,0.0953,-0.0648,-0.0977,20.01
2987651625200,194693,-7.8174,0.1567,-5.3504,0.1527,-0.0538,-0.1161,20.00
2987662749500,194704,-7.8676,0.1316,-5.4425,0.1918,-0.0660,-0.1319,20.00
2987674528400,194715,-7.9190,0.0610,-5.3862,0.2321,-0.0831,-0.1307,20.02
2987685610100,194726,-7.8987,0.0682,-5.3886,0.3470,-0.0831,-0.1173,20.02
2987696648300,194738,-7.9274,0.0072,-5.5992,0.4178,-0.0806,-0.1173,20.02
2987708388400,194749,-7.6738,-0.0179,-5.7153,0.3812,-0.1014,-0.1148,20.02
2987719514800,194760,-7.8054,-0.0251,-5.5801,0.2798,-0.1307,-0.0843,20.01
2987730677200,194771,-7.7240,-0.1101,-5.5777,0.2187,-0.1185,-0.1539,20.03
2987741733100,194783,-8.2038,-0.1543,-5.5083,0.1894,-0.1307,-0.1576,20.03
2987753612700,194794,-7.2514,-0.1675,-5.6183,0.1820,-0.1405,-0.1857,20.01
2987764573100,194805,-7.7587,-0.1603,-5.9426,0.1332,-0.1772,-0.1979,20.01
2987775622900,194817,-8.8319,-0.5527,-5.0285,0.1759,-0.2761,-0.1735,20.04
2987787420900,194828,-8.1260,-0.6975,-5.2044,0.1625,-0.2480,-0.1649,20.04
2987798542100,194839,-8.1476,-0.4044,-5.1326,0.1979,-0.2236,-0.0965,20.01
2987809618200,194850,-8.1392,-0.3470,-5.2068,0.2126,-0.2089,-0.0684,20.01
2987820689400,194862,-8.1990,-0.4259,-5.1374,0.2248,-0.1820,-0.0721,20.02
2987832484400,194873,-8.2469,-0.3852,-5.1601,0.2065,-0.1710,-0.0709,20.02
2987843640000,194884,-8.2612,-0.4487,-5.1470,0.1881,-0.1662,-0.0733,20.02
2987854692700,194895,-8.3390,-0.4630,-5.1446,0.1918,-0.1674,-0.0696,20.05
2987866379600,194907,-8.3653,-0.4510,-5.1350,0.1772,-0.1686,-0.0648,20.05
2987877565400,194918,-8.4024,-0.4546,-5.0489,0.1417,-0.1662,-0.0513,19.98
2987888629100,194929,-8.4072,-0.4092,-4.9974,0.1112,-0.1515,-0.0428,19.98
2987899667900,194940,-8.3880,-0.4092,-5.0632,0.0843,-0.1038,-0.0489,20.05
2987911497500,194952,-8.3916,-0.4845,-5.1194,0.0574,-0.0843,-0.0525,20.03
2987922628700,194963,-8.3510,-0.5168,-5.1206,0.0305,-0.0757,-0.0464,20.03
2987933657300,194974,-8.2899,-0.5133,-5.1434,0.0147,-0.0696,-0.0379,20.02
2987945462800,194985,-8.2337,-0.4762,-5.1446,0.0086,-0.0709,-0.0403,20.02
2987956594600,194997,-8.1787,-0.4857,-5.1206,-0.0037,-0.0672,-0.0440,20.05
2987967771800,195008,-8.1368,-0.4881,-5.1410,-0.0122,-0.0599,-0.0415,20.05
2987979331600,195020,-8.1177,-0.4690,-5.3288,-0.0159,-0.0538,-0.0428,20.04
2987990565500,195032,-8.1488,-0.5001,-5.3647,-0.0342,-0.0733,-0.0574,19.99
2988001612800,195043,-8.1811,-0.5432,-5.3360,-0.0525,-0.0892,-0.0538,19.99
2988012721000,195054,-8.2146,-0.5264,-5.3169,-0.0538,-0.1002,-0.0415,20.03
2988024504600,195065,-8.2660,-0.4953,-5.2690,-0.0452,-0.1014,-0.0220,20.03
2988035606800,195077,-8.2528,-0.4606,-5.1781,-0.0367,-0.0941,-0.0024,20.03
2988046750400,195088,-8.2170,-0.4283,-5.1697,-0.0220,-0.0757,0.0086,20.03
2988058378900,195099,-8.2086,-0.4152,-5.1793,-0.0122,-0.0586,0.0061,20.04
2988069581200,195110,-8.2421,-0.4845,-5.1577,-0.0110,-0.0489,-0.0049,20.04
2988080601200,195122,-8.2552,-0.5085,-5.1326,0.0391,-0.0464,-0.0037,20.03
2988091692700,195133,-8.2289,-0.5025,-5.0979,0.0574,-0.0513,0.0159,20.00
2988103427900,195144,-8.2026,-0.4259,-5.1087,0.0635,-0.0574,0.0318,20.00
2988114590900,195155,-8.2086,-0.3996,-5.1063,0.0672,-0.0562,0.0330,20.01
2988125560500,195167,-8.2277,-0.3697,-5.0871,0.0855,-0.0501,0.0293,20.01
2988136637900,195178,-8.2086,-0.3410,-5.0716,0.1197,-0.0354,0.0305,20.04
2988148434800,195189,-8.1655,-0.3326,-5.1565,0.1356,-0.0183,0.0220,20.04
2988159549100,195201,-8.2074,-0.4510,-5.2439,0.1258,-0.0134,-0.0098,20.01
2988170635100,195212,-8.1835,-0.4690,-5.2295,0.0794,-0.0122,-0.0073,20.05
2988182389000,195223,-8.1631,-0.4140,-5.2295,0.0819,-0.0012,-0.0024,20.05
2988193489500,195234,-8.1512,-0.3769,-5.2271,0.1051,0.0061,-0.0049,20.02
2988204604800,195246,-8.1428,-0.3589,-5.1996,0.1344,0.0073,-0.0073,20.02
2988215706200,195257,-8.1320,-0.3206,-5.1601,0.1674,0.0061,-0.0073,20.02
2988227463500,195268,-8.0794,-0.3075,-5.1757,0.1881,0.0073,-0.0073,20.02
2988238424600,195279,-8.0770,-0.3374,-5.2690,0.1881,0.0061,-0.0122,20.03
2988249598700,195291,-8.1464,-0.5025,-5.3886,0.1588,-0.0171,-0.0183,20.03
2988260438400,195302,-8.1811,-0.5180,-5.3468,0.1234,-0.0269,-0.0086,20.04
2988272418400,195313,-8.1021,-0.4594,-5.3324,0.0953,-0.0269,-0.0012,20.06
2988283485700,195324,-8.1583,-0.4403,-5.3300,0.0965,-0.0281,0.0024,20.06
2988294518000,195336,-8.0686,-0.3888,-5.2558,0.0843,-0.0305,-0.0110,20.03
2988306396000,195347,-8.0423,-0.3362,-5.2714,0.0819,-0.0305,-0.0049,20.03
2988317441400,195358,-8.0842,-0.3948,-5.1565,0.0672,-0.0330,-0.0171,20.01
2988328460700,195369,-8.0040,-0.3649,-5.2355,0.0916,-0.0305,-0.0220,20.01
2988339570100,195381,-8.0435,-0.5025,-5.2953,0.1014,-0.0403,-0.0293,20.00
2988351476800,195392,-8.0387,-0.5503,-5.3228,0.1161,-0.0428,-0.0208,20.05
2988362498800,195403,-8.0435,-0.4786,-5.2762,0.1405,-0.0452,-0.0183,20.05
2988373598300,195415,-8.0399,-0.4319,-5.2965,0.1600,-0.0415,-0.0195,20.00
2988384782800,195426,-8.1009,-0.4175,-5.2235,0.1881,-0.0330,-0.0208,20.00
2988396620600,195437,-8.0937,-0.4415,-5.1840,0.2297,-0.0183,-0.0232,20.01
2988407417800,195448,-8.1165,-0.4211,-5.2307,0.2932,-0.0049,-0.0293,20.01
2988418736400,195460,-8.1655,-0.5468,-5.1805,0.3262,0.0049,-0.0513,20.03
2988430401600,195471,-8.1691,-0.4522,-5.1482,0.4081,0.0208,-0.1100,20.02
2988441610200,195482,-8.1583,-0.5468,-5.1350,0.4313,0.0367,-0.1662,20.02
2988452609700,195493,-8.1990,-0.5838,-5.0393,0.5021,0.0525,-0.2138,20.05
2988463703900,195505,-8.3091,-0.5838,-5.0237,0.5424,0.0782,-0.2370,20.05
2988475527700,195516,-8.5735,-0.7549,-5.2175,0.4056,0.0880,-0.2138,20.03
2988486626200,195527,-8.2074,-0.3350,-5.1458,0.2101,0.0684,-0.1649,20.03
2988497645500,195538,-8.0255,-0.1232,-5.3850,-0.2040,0.0635,-0.1808,20.06
2988509447500,195550,-8.1906,-1.0552,-5.0273,-0.7807,0.0269,-0.3250,20.06
2988520471400,195561,-8.6261,-0.6532,-5.2439,0.2443,0.0782,-0.2553,20.00
2988531636500,195572,-8.3533,-0.3625,-5.4568,0.0208,0.1051,-0.1772,20.08
2988542685600,195584,-7.2287,-0.9547,-5.7069,-0.7648,0.0538,-0.1600,20.08
2988554563500,195595,-6.5551,-1.6427,-5.4975,-1.0043,-0.0098,-0.1869,20.10
2988565634600,195606,-8.9515,0.0144,-5.0429,0.3555,-0.0391,-0.2236,20.10
2988576813100,195617,-8.3976,-0.8231,-5.8899,0.4019,0.0415,-0.2016,20.06
2988588514100,195629,-8.3175,-1.2526,-5.9055,-0.1808,-0.0538,-0.0843,20.06
2988599614000,195640,-7.0014,-1.5721,-5.4568,-0.4667,-0.2651,0.1210,20.08
2988610694100,195651,-5.4281,-0.5611,-5.7105,-0.4410,-0.3005,0.0452,20.09
2988621779800,195662,-9.6766,-2.6429,-5.9498,-1.0043,-0.3971,-0.0208,20.09
2988633637900,195674,-7.5027,-0.9595,-5.0812,0.1454,-0.5351,0.1381,20.07
2988644725900,195686,-8.0483,-1.6857,-5.4760,0.1991,-0.5400,0.2737,20.07
2988655721700,195697,-8.0172,-1.2718,-5.3779,0.3103,-0.6231,0.3971,20.07
2988667569600,195708,-8.1464,-1.1390,-5.3551,0.3103,-0.6793,0.4704,20.07
2988678578500,195720,-8.3055,-0.9141,-4.7617,0.3176,-0.7001,0.4777,20.07
2988689726900,195731,-8.7111,-0.9320,-4.5727,0.1991,-0.5192,0.4239,20.07
2988701526500,195742,-8.6716,-0.7382,-4.4447,0.1576,-0.3494,0.4068,20.07
2988712621100,195753,-8.5436,-0.4774,-4.4985,0.1478,-0.1503,0.3580,20.06
2988723624300,195765,-8.3342,-0.3541,-4.6325,0.1552,0.0354,0.2688,20.06
2988734771300,195776,-8.0626,-0.2656,-4.8251,0.1539,0.1796,0.1649,20.08
2988746625200,195787,-7.9478,-0.2237,-5.1111,0.1588,0.2602,0.0806,20.08
2988757513900,195799,-7.8832,-0.1663,-5.2080,0.1368,0.2590,0.0281,20.09
2988768649500,195810,-7.9609,0.0467,-5.1649,0.1051,0.2016,0.0086,20.09
2988779664200,195821,-8.1045,0.1388,-5.0309,0.1625,0.0122,0.0293,20.06
2988791434900,195832,-8.3581,0.1029,-4.9448,0.2321,-0.0721,0.0464,20.09
2988802516000,195844,-8.6249,0.0203,-4.8191,0.2920,-0.1246,0.0696,20.09
2988813714500,195855,-8.7996,-0.0096,-4.7306,0.3201,-0.1344,0.0904,20.08
2988824748100,195866,-8.8989,-0.0239,-4.7127,0.3201,-0.0965,0.0867,20.08
2988836494700,195877,-8.8499,-0.0371,-4.7701,0.2981,-0.0220,0.0623,20.07
2988847562600,195889,-8.7386,-0.0694,-4.9890,0.2822,0.0709,0.0244,20.07
2988858663800,195900,-8.5567,-0.3924,-5.5848,0.2553,0.1491,-0.0122,20.03
2988870292200,195911,-8.5137,-0.6437,-5.8768,0.2114,0.2089,-0.0513,20.08
2988881494200,195922,-8.4574,-0.8231,-6.0646,0.2040,0.1662,-0.0257,20.08
2988892573300,195934,-8.3617,-0.8399,-6.1029,0.1869,0.0867,0.0342,20.10
2988903621200,195945,-8.2110,-0.6891,-5.9246,0.1649,-0.0024,0.1051,20.10
2988915473900,195956,-8.0614,-0.5133,-5.7440,0.1576,-0.0672,0.1588,20.09
2988926696700,195968,-7.8664,-0.3362,-5.6387,0.1637,-0.1014,0.1735,20.09
2988937788800,195979,-7.7683,-0.2022,-5.5442,0.1564,-0.1210,0.1491,20.09
2988949380100,195990,-7.7300,-0.1603,-5.3049,0.1295,-0.1307,0.0513,20.09
2988960562300,196001,-7.8030,-0.2477,-5.2941,0.0806,-0.1258,-0.0024,20.11
2988971589400,196013,-7.8939,-0.4235,-5.2678,0.0513,-0.1332,-0.0391,20.07
2988982648500,196024,-7.9466,-0.4427,-5.2020,0.0428,-0.1527,-0.0562,20.07
2988994548600,196035,-7.9980,-0.4044,-5.0931,0.0391,-0.1686,-0.0611,20.07
2989005545300,196046,-8.0937,-0.3733,-4.9639,0.0367,-0.1784,-0.0562,20.07
2989016647500,196058,-8.2086,-0.3984,-4.8682,0.0525,-0.1759,-0.0452,20.04
2989028437400,196069,-8.2851,-0.4283,-4.8179,0.0586,-0.1625,-0.0342,20.04
2989039535200,196080,-8.2409,-0.3589,-4.8108,0.0660,-0.1112,-0.0220,20.08
2989050688300,196091,-8.2277,-0.2955,-4.8491,0.0696,-0.0916,-0.0293,20.09
2989061693400,196103,-8.2409,-0.2764,-4.8562,0.0709,-0.0880,-0.0367,20.09
2989073420500,196114,-8.2720,-0.3063,-4.8431,0.0916,-0.0929,-0.0415,20.10
2989084613600,196125,-8.3581,-0.3589,-4.8503,0.1100,-0.0990,-0.0452,20.10
2989095630400,196136,-8.4239,-0.4510,-4.8275,0.0977,-0.0990,-0.0476,20.10
2989106747500,196148,-8.4132,-0.4893,-4.7701,0.0660,-0.0867,-0.0403,20.10
2989118587000,196159,-8.3414,-0.4152,-4.8036,0.0623,-0.0611,-0.0208,20.07
2989129645600,196170,-8.1823,-0.2668,-4.9436,0.0843,-0.0195,-0.0122,20.09
2989140732200,196182,-8.1332,-0.2548,-5.0297,0.0819,-0.0293,-0.0281,20.09
2989152438100,196193,-8.0423,-0.2548,-5.0680,0.0599,-0.0464,-0.0476,20.06
2989163499600,196204,-8.0207,-0.2213,-5.0752,0.0464,-0.0696,-0.0635,20.06
2989174709500,196215,-8.0734,-0.2309,-5.0979,0.0415,-0.0929,-0.0782,20.11
2989185717600,196227,-8.0961,-0.3218,-5.1027,0.0403,-0.1112,-0.0855,20.11
2989197461900,196238,-8.0566,-0.3996,-5.0991,0.0403,-0.1234,-0.0843,20.05
2989208619600,196249,-8.1057,-0.5515,-5.1673,0.0391,-0.1295,-0.0855,20.05
2989219681100,196260,-8.0913,-0.5563,-5.1829,0.0183,-0.1222,-0.0855,20.09
2989231363500,196272,-8.0662,-0.5934,-5.1996,0.0086,-0.1197,-0.0843,20.08
2989242480300,196283,-8.0578,-0.5432,-5.2259,0.0220,-0.1258,-0.0855,20.08
2989253669000,196294,-8.0746,-0.5492,-5.2558,0.0171,-0.1454,-0.0867,20.09
2989264717900,196305,-8.1703,-0.5958,-5.2606,0.0183,-0.1747,-0.0855,20.09
2989276447200,196317,-8.2253,-0.6652,-5.2068,0.0134,-0.2040,-0.0831,20.07
2989287539200,196328,-8.2875,-0.6508,-5.1182,0.0147,-0.2260,-0.0757,20.07
2989298600600,196339,-8.3007,-0.6353,-5.0489,0.0147,-0.2334,-0.0428,20.09
2989310350300,196350,-8.3366,-0.6114,-4.9663,0.0037,-0.2517,-0.0208,20.10
2989321553100,196362,-8.3234,-0.5838,-4.9687,0.0208,-0.2517,-0.0098,20.10
2989332664300,196373,-8.2720,-0.6293,-5.0548,0.0379,-0.2553,-0.0049,20.05
2989343962600,196384,-8.2648,-0.5946,-5.0501,0.0611,-0.2786,-0.0037,20.05
2989355442400,196396,-8.3019,-0.5097,-4.9531,0.0782,-0.3054,-0.0208,20.10
2989366523900,196407,-8.3773,-0.5767,-4.8323,0.0696,-0.3152,-0.0367,20.10
2989377666000,196418,-8.4658,-0.7478,-4.7509,0.0501,-0.3115,-0.0354,20.07
2989389384000,196429,-8.4742,-0.7573,-4.5990,0.0269,-0.2847,0.0049,20.07
2989400549800,196442,-8.4730,-0.6245,-4.4554,0.0330,-0.2553,0.0159,20.11
2989411637800,196453,-8.4191,-0.5515,-4.4040,0.0171,-0.2077,0.0122,20.11
2989422676800,196464,-8.3833,-0.4654,-4.4794,0.0183,-0.1637,-0.0037,20.11
2989434442200,196475,-8.3521,-0.4977,-4.5679,0.0183,-0.1368,-0.0257,20.11
2989445618700,196487,-8.3294,-0.5420,-4.7246,0.0269,-0.1295,-0.0415,20.11
2989456681500,196498,-8.2959,-0.6461,-4.8263,0.0257,-0.1527,-0.0379,20.10
2989468449100,196509,-8.2947,-0.7190,-5.1302,0.0440,-0.1955,-0.0183,20.10
2989479454200,196520,-8.2397,-0.8100,-5.2116,0.0672,-0.3629,0.0611,20.12
2989490428900,196532,-8.2768,-0.7095,-5.1182,0.0929,-0.4704,0.1026,20.06
2989501467900,196543,-8.3856,-0.6377,-4.9005,0.1002,-0.5559,0.1197,20.06
2989513635900,196554,-8.5675,-0.5539,-4.6181,0.0990,-0.5986,0.1148,20.11
2989524687800,196566,-8.6955,-0.5109,-4.3334,0.0929,-0.5913,0.0990,20.11
2989535824000,196577,-8.7852,-0.4594,-4.1647,0.0794,-0.5412,0.0721,20.11
2989547430300,196588,-8.8822,-0.4690,-4.0714,0.0562,-0.4667,0.0342,20.11
2989558542800,196599,-8.9085,-0.4953,-3.9230,0.0208,-0.3836,0.0061,20.09
2989569771000,196611,-8.8822,-0.5013,-4.0211,-0.0049,-0.2321,-0.0086,20.12
2989580748100,196622,-8.8427,-0.5133,-4.1743,0.0195,-0.1943,-0.0122,20.12
2989592520900,196633,-8.8881,-0.5815,-4.2975,0.0318,-0.1955,-0.0134,20.09
2989603722900,196644,-8.8774,-0.6700,-4.2760,0.0232,-0.2162,-0.0049,20.09
2989614724300,196656,-8.8642,-0.6221,-4.1671,0.0183,-0.2370,0.0171,20.09
2989626362000,196667,-8.8618,-0.4798,-3.9900,0.0183,-0.2419,0.0354,20.09
2989637547900,196678,-8.7876,-0.3494,-3.8620,0.0208,-0.2175,0.0391,20.10
2989648622000,196689,-8.7350,-0.2788,-3.9147,0.0244,-0.1759,-0.0037,20.10
2989659700200,196701,-8.7362,-0.3410,-3.9757,0.0171,-0.1063,-0.0281,20.11
2989671488300,196712,-8.7350,-0.3661,-4.0080,0.0244,-0.0880,-0.0342,20.11
2989682613700,196723,-8.6943,-0.3565,-4.0235,0.0318,-0.0794,-0.0293,20.11
2989693657600,196734,-8.6883,-0.3446,-4.0475,0.0415,-0.0733,-0.0305,20.12
2989705434000,196746,-8.6596,-0.3553,-4.0869,0.0574,-0.0684,-0.0318,20.12
2989716523400,196757,-8.6704,-0.3829,-4.1360,0.0684,-0.0648,-0.0342,20.08
2989727609300,196768,-8.6836,-0.4487,-4.2508,0.0843,-0.0635,-0.0379,20.08
2989738578600,196780,-8.7709,-0.6042,-4.4243,0.0929,-0.0770,-0.0440,20.07
2989750766300,196791,-8.7565,-0.6772,-4.4447,0.0709,-0.0819,-0.0354,20.10
2989761415200,196802,-8.7637,-0.6748,-4.4853,0.0696,-0.0831,-0.0244,20.10
2989772920200,196813,-8.7398,-0.6736,-4.5093,0.0574,-0.0806,-0.0147,20.13
2989783640900,196825,-8.6836,-0.6628,-4.5212,0.0452,-0.0782,-0.0024,20.13
2989795637900,196836,-8.7003,-0.6030,-4.5523,0.0391,-0.0770,0.0049,20.09
2989806635600,196847,-8.6919,-0.5527,-4.5165,0.0379,-0.0855,0.0049,20.09
2989817691300,196858,-8.6859,-0.5216,-4.4566,0.0342,-0.0941,-0.0012,20.09
2989829527400,196870,-8.7386,-0.5240,-4.3645,0.0147,-0.0892,-0.0171,20.12
2989840606200,196881,-8.7709,-0.5456,-4.2963,0.0086,-0.0819,-0.0208,20.12
2989851744500,196892,-8.7661,-0.5539,-4.2245,0.0061,-0.0672,-0.0171,20.10
2989862791500,196903,-8.7087,-0.5001,-4.1946,0.0037,-0.0476,-0.0110,20.10
2989874613500,196915,-8.6201,-0.4259,-4.1779,0.0024,-0.0305,-0.0061,20.04
2989885638600,196926,-8.5531,-0.3661,-4.2185,0.0061,-0.0220,-0.0098,20.04
2989896744600,196937,-8.5364,-0.3673,-4.2664,0.0061,-0.0183,-0.0293,20.08
2989907619900,196948,-8.5484,-0.4475,-4.2843,0.0061,-0.0269,-0.0464,20.08
2989919628100,196960,-8.5866,-0.4630,-4.2449,0.0012,-0.0538,-0.0574,20.11
2989930705700,196971,-8.5914,-0.4415,-4.2066,0.0073,-0.0623,-0.0611,20.06
2989941767400,196982,-8.6273,-0.4367,-4.2102,0.0134,-0.0672,-0.0721,20.06
2989953541000,196994,-8.6728,-0.4798,-4.1994,0.0134,-0.0721,-0.0843,20.11
2989964565700,197005,-8.7123,-0.5527,-4.1850,0.0000,-0.0757,-0.0867,20.11
2989975551500,197016,-8.7709,-0.5456,-4.1695,0.0110,-0.0819,-0.0843,20.09
2989986725400,197027,-8.8020,-0.5109,-4.1444,0.0244,-0.0867,-0.0867,20.09
2989998565900,197039,-8.7302,-0.5432,-4.1408,0.0171,-0.0843,-0.0929,20.09
2990009467200,197050,-8.7314,-0.5599,-4.2485,0.0281,-0.0819,-0.0953,20.09
2990020714200,197061,-8.7171,-0.5671,-4.3047,0.0403,-0.0990,-0.0977,20.09
2990032510600,197072,-8.7123,-0.6257,-4.3430,0.0452,-0.1258,-0.0929,20.09
2990043619500,197084,-8.7422,-0.6281,-4.3430,0.0513,-0.1576,-0.0806,20.09
2990054918700,197095,-8.7709,-0.6066,-4.2221,0.0452,-0.1820,-0.0684,20.08
2990065759400,197106,-8.7709,-0.5695,-4.1061,0.0379,-0.1857,-0.0599,20.08
2990077537100,197117,-8.7697,-0.5480,-4.0845,0.0293,-0.1723,-0.0525,20.09
2990088672300,197130,-8.9037,-0.5755,-4.0367,0.0293,-0.1478,-0.0440,20.09
2990099799900,197141,-8.8977,-0.6030,-3.9972,0.0110,-0.1271,-0.0379,20.09
2990111515400,197152,-8.8666,-0.5503,-4.0451,0.0244,-0.1038,-0.0379,20.05
2990122605000,197164,-8.8259,-0.5432,-4.1360,0.0305,-0.0867,-0.0415,20.05
2990133635100,197175,-8.8140,-0.5922,-4.1982,0.0269,-0.0843,-0.0464,20.08
2990144974100,197186,-8.8235,-0.6006,-4.2185,0.0257,-0.0953,-0.0452,20.08
2990156782100,197197,-8.8116,-0.6257,-4.1958,0.0208,-0.1087,-0.0367,20.13
2990167582900,197209,-8.7852,-0.6365,-4.2281,0.0232,-0.1210,-0.0220,20.13
2990178951200,197220,-8.7541,-0.6078,-4.2162,0.0354,-0.1539,0.0000,20.09
2990189603700,197231,-8.7517,-0.5803,-4.1527,0.0305,-0.1637,0.0049,20.11
2990201449000,197242,-8.7960,-0.5803,-4.1133,0.0281,-0.1613,0.0037,20.11
2990212868800,197254,-8.7876,-0.5324,-4.0654,0.0330,-0.1527,-0.0049,20.10
2990223462600,197265,-8.7948,-0.4893,-4.0104,0.0232,-0.1405,-0.0110,20.10
2990235350300,197276,-8.8032,-0.5133,-3.9757,0.0171,-0.1210,-0.0171,20.09
2990246814700,197287,-8.8295,-0.5348,-4.0056,0.0195,-0.1014,-0.0244,20.09
2990257487900,197299,-8.8187,-0.5563,-4.0522,0.0257,-0.0892,-0.0318,20.11
2990268706700,197310,-8.7649,-0.5707,-4.0403,0.0061,-0.0806,-0.0293,20.09
2990280567000,197321,-8.7541,-0.4929,-4.0307,0.0073,-0.0794,-0.0293,20.09
2990291697300,197332,-8.7793,-0.4355,-3.9912,0.0171,-0.0819,-0.0403,20.11
2990302869500,197344,-8.7625,-0.5025,-3.9685,0.0257,-0.0794,-0.0525,20.11
2990314815500,197355,-8.7565,-0.5468,-3.9864,0.0318,-0.0733,-0.0513,20.09
2990325490200,197366,-8.7398,-0.5587,-3.9900,0.0391,-0.0684,-0.0440,20.09
2990336961800,197378,-8.6931,-0.5755,-4.0774,0.0464,-0.0672,-0.0403,20.09
2990347512200,197389,-8.6608,-0.5862,-4.1994,0.0489,-0.0733,-0.0428,20.09
2990359350600,197400,-8.6847,-0.5611,-4.1420,0.0391,-0.1136,-0.0513,20.07
2990370638500,197411,-8.7470,-0.5300,-4.0391,0.0415,-0.1307,-0.0574,20.09
2990381537200,197423,-8.8235,-0.5503,-3.9446,0.0379,-0.1368,-0.0599,20.09
2990393287100,197434,-8.8857,-0.5994,-3.9027,0.0354,-0.1283,-0.0611,20.09
2990404882900,197445,-8.9276,-0.6090,-3.8501,0.0354,-0.1087,-0.0599,20.09
2990415451200,197456,-8.9085,-0.6245,-3.8680,0.0379,-0.0794,-0.0538,20.11
2990426742600,197468,-8.8834,-0.6425,-3.9936,0.0391,-0.0489,-0.0525,20.11
2990438498900,197479,-8.8953,-0.7011,-4.1731,0.0293,-0.0354,-0.0476,20.13
2990449587600,197490,-8.8834,-0.6796,-4.1492,0.0183,-0.0525,-0.0403,20.13
2990460766500,197501,-8.8379,-0.6293,-4.1061,0.0122,-0.0660,-0.0281,20.13
2990472509000,197513,-8.8750,-0.5731,-4.1073,0.0147,-0.0745,-0.0220,20.10
2990483606800,197524,-8.9061,-0.5707,-4.0654,0.0220,-0.0831,-0.0305,20.10
2990494632100,197535,-8.9169,-0.5683,-4.0032,0.0281,-0.0843,-0.0403,20.11
2990505767100,197547,-8.9180,-0.5922,-3.9781,0.0305,-0.0770,-0.0440,20.11
2990517443700,197558,-8.9372,-0.5922,-3.9876,0.0354,-0.0696,-0.0440,20.15
2990528897400,197569,-8.8415,-0.5803,-3.9697,0.0171,-0.0574,-0.0318,20.15
2990539557500,197580,-8.7924,-0.5767,-4.0235,0.0073,-0.0501,-0.0293,20.11
2990550785400,197592,-8.7972,-0.5767,-4.1013,0.0098,-0.0489,-0.0367,20.12
2990562600500,197603,-8.7888,-0.5671,-4.0941,0.0122,-0.0611,-0.0464,20.12
2990573641100,197614,-8.8247,-0.5970,-4.0738,0.0110,-0.0757,-0.0525,20.10
2990585059200,197625,-8.8475,-0.6341,-4.0379,0.0098,-0.0855,-0.0513,20.10
2990596564100,197637,-8.8307,-0.6616,-4.0128,0.0073,-0.0892,-0.0403,20.10
2990607589000,197648,-8.7984,-0.6126,-3.9613,0.0122,-0.0867,-0.0305,20.10
2990618770700,197659,-8.7805,-0.6018,-4.0128,0.0159,-0.0623,-0.0428,20.11
2990629517000,197670,-8.7805,-0.6305,-4.0714,0.0098,-0.0586,-0.0476,20.09
2990641558900,197682,-8.7697,-0.6126,-4.0522,0.0049,-0.0721,-0.0476,20.09
2990652716400,197693,-8.7793,-0.5563,-3.9900,0.0110,-0.0892,-0.0501,20.10
2990663720800,197704,-8.7876,-0.5515,-3.9494,0.0208,-0.0953,-0.0574,20.10
2990674823100,197715,-8.7996,-0.5659,-3.9135,0.0183,-0.0953,-0.0660,20.12
2990686599100,197727,-8.8391,-0.6066,-3.8824,0.0183,-0.0867,-0.0672,20.12
2990697799800,197738,-8.8403,-0.6544,-3.9123,0.0183,-0.0733,-0.0648,20.12
2990708734400,197749,-8.7984,-0.6162,-3.9769,0.0318,-0.0489,-0.0562,20.09
2990720560800,197761,-8.7685,-0.6377,-4.0008,0.0318,-0.0476,-0.0586,20.09
2990731577300,197772,-8.7398,-0.6317,-4.0391,0.0367,-0.0513,-0.0611,20.10
2990742696300,197783,-8.7218,-0.6233,-4.1013,0.0489,-0.0611,-0.0635,20.10
2990753797600,197794,-8.7577,-0.6365,-4.1025,0.0513,-0.0745,-0.0696,20.09
2990765627300,197806,-8.7769,-0.6580,-4.0630,0.0428,-0.0831,-0.0757,20.09
2990776485400,197817,-8.8128,-0.6520,-4.0104,0.0354,-0.0843,-0.0794,20.11
2990787731300,197828,-8.8582,-0.6987,-3.9565,0.0281,-0.0770,-0.0782,20.11
2990799551800,197840,-8.8929,-0.7513,-3.9829,0.0110,-0.0599,-0.0672,20.11
2990810668100,197852,-8.8917,-0.7238,-3.9912,0.0110,-0.0574,-0.0525,20.07
2990821766900,197863,-8.8558,-0.6473,-3.9745,0.0220,-0.0574,-0.0440,20.07
2990832587000,197874,-8.8463,-0.6353,-3.9793,0.0293,-0.0574,-0.0452,20.13
2990844413200,197885,-8.8259,-0.6508,-4.0056,0.0305,-0.0611,-0.0501,20.13
2990855461500,197897,-8.8271,-0.6640,-3.9912,0.0220,-0.0684,-0.0513,20.10
2990867017900,197908,-8.8487,-0.6915,-3.9781,0.0183,-0.0696,-0.0550,20.10
2990878865600,197919,-8.9324,-0.7573,-4.0008,0.0293,-0.0635,-0.0721,20.12
2990889643700,197931,-8.8618,-0.7657,-3.9625,0.0195,-0.0574,-0.0623,20.12
2990900697600,197942,-8.8211,-0.7597,-4.0331,0.0208,-0.0440,-0.0489,20.12
2990911672000,197953,-8.7924,-0.7119,-4.0834,0.0354,-0.0428,-0.0367,20.12
2990923603100,197964,-8.7841,-0.7178,-4.1192,0.0281,-0.0538,-0.0305,20.12
2990934682700,197976,-8.7948,-0.7047,-4.0690,0.0183,-0.0684,-0.0257,20.10
2990945730000,197987,-8.8271,-0.6508,-4.0522,0.0220,-0.0794,-0.0305,20.10
2990957556700,197998,-8.8810,-0.6437,-3.9362,0.0305,-0.0867,-0.0489,20.09
2990968581100,198009,-8.9025,-0.7406,-3.9147,0.0086,-0.0770,-0.0538,20.12
2990979727100,198021,-8.8953,-0.7513,-3.9266,-0.0012,-0.0672,-0.0403,20.12
2990990792500,198032,-8.8941,-0.6879,-3.9410,0.0134,-0.0623,-0.0318,20.13
2991002895600,198043,-8.8666,-0.6664,-3.8991,0.0208,-0.0599,-0.0269,20.13
2991013552100,198054,-8.8307,-0.6449,-3.9326,0.0257,-0.0550,-0.0269,20.11
2991025001600,198066,-8.8044,-0.6401,-3.9852,0.0269,-0.0525,-0.0367,20.11
2991036742700,198077,-8.8092,-0.6664,-4.0128,0.0232,-0.0550,-0.0501,20.13
2991047436700,198088,-8.8499,-0.8483,-4.0582,0.0134,-0.0611,-0.0562,20.13
2991059010200,198099,-8.8510,-0.8076,-3.9996,0.0159,-0.0843,-0.0208,20.12
2991069537000,198111,-8.8199,-0.6927,-3.9625,0.0134,-0.0880,-0.0061,20.12
2991081399700,198122,-8.8068,-0.6293,-3.9589,0.0171,-0.0867,-0.0098,20.12
2991092610900,198133,-8.7924,-0.6054,-3.9673,0.0269,-0.0867,-0.0269,20.13
2991103697700,198145,-8.8487,-0.6532,-3.9661,0.0244,-0.0867,-0.0476,20.13
2991115328000,198156,-8.8846,-0.7621,-3.9577,0.0183,-0.0843,-0.0562,20.08
2991126361400,198167,-8.8798,-0.7944,-3.9326,0.0037,-0.0819,-0.0476,20.08
2991137508700,198178,-8.7912,-0.7202,-3.9960,0.0037,-0.0770,-0.0342,20.08
2991148656600,198190,-8.7745,-0.7442,-4.0606,0.0232,-0.0770,-0.0379,20.09
2991160744300,198201,-8.8056,-0.7777,-4.1109,0.0342,-0.0916,-0.0428,20.09
2991171465300,198212,-8.8415,-0.8076,-4.0977,0.0354,-0.1124,-0.0428,20.08
2991183007300,198223,-8.8774,-0.8231,-4.0475,0.0318,-0.1295,-0.0330,20.08
2991194475200,198235,-8.9025,-0.8040,-3.9757,0.0281,-0.1381,-0.0232,20.09
2991205567000,198246,-8.8905,-0.7609,-3.9171,0.0269,-0.1344,-0.0183,20.09
2991216514200,198257,-8.8702,-0.7478,-3.9075,0.0147,-0.1222,-0.0134,20.12
2991227743600,198268,-8.9061,-0.6712,-3.9027,0.0086,-0.1112,-0.0147,20.12
2991239246500,198280,-8.9133,-0.6855,-3.8764,0.0183,-0.1087,-0.0269,20.11
2991250702600,198291,-8.9240,-0.7035,-3.8465,0.0244,-0.1063,-0.0330,20.09
2991261676200,198302,-8.9049,-0.6891,-3.8201,0.0244,-0.1002,-0.0342,20.09
2991272833600,198313,-8.9061,-0.7035,-3.8237,0.0183,-0.0892,-0.0293,20.07
2991284807900,198325,-8.9133,-0.7214,-3.8357,0.0183,-0.0819,-0.0220,20.07
2991295570100,198336,-8.8905,-0.7131,-3.8716,0.0134,-0.0782,-0.0098,20.11
2991307019900,198347,-8.8917,-0.7131,-3.9278,0.0134,-0.0831,-0.0049,20.11
2991318524800,198359,-8.9157,-0.7262,-3.8752,0.0281,-0.1002,-0.0073,20.10
2991329467900,198370,-8.8834,-0.6784,-3.8237,0.0293,-0.0953,-0.0037,20.11
2991340777500,198381,-8.8499,-0.6377,-3.8213,0.0318,-0.0831,-0.0049,20.11
2991352547000,198392,-8.8367,-0.6245,-3.8501,0.0305,-0.0696,-0.0110,20.11
2991363619200,198404,-8.8152,-0.6461,-3.8656,0.0281,-0.0611,-0.0183,20.11
2991374724400,198416,-8.8104,-0.6927,-3.8931,0.0159,-0.0586,-0.0208,20.14
2991385741700,198427,-8.8403,-0.7011,-3.9087,0.0073,-0.0635,-0.0195,20.14
2991397532200,198438,-8.8499,-0.6030,-3.8166,0.0122,-0.0757,-0.0195,20.10
2991408676800,198450,-8.8319,-0.6832,-3.8728,0.0415,-0.0904,-0.0257,20.11
2991419874600,198461,-8.8606,-0.7597,-3.9422,0.0428,-0.0953,-0.0220,20.11
2991431533200,198472,-8.8965,-0.7753,-3.9577,0.0367,-0.1075,-0.0134,20.11
2991442635900,198483,-8.9288,-0.7813,-3.9529,0.0305,-0.1161,-0.0086,20.11
2991453806200,198495,-8.9504,-0.8136,-3.9577,0.0269,-0.1234,-0.0012,20.09
2991464811200,198506,-8.9743,-0.7956,-3.9458,0.0293,-0.1319,0.0122,20.09
2991476637800,198517,-8.9707,-0.7633,-3.8800,0.0232,-0.1417,0.0232,20.12
2991487681100,198529,-8.9300,-0.6592,-3.7627,0.0220,-0.1454,0.0171,20.12
2991498766700,198540,-8.9946,-0.6197,-3.7125,0.0379,-0.1368,0.0110,20.07
2991510545600,198551,-9.0174,-0.7155,-3.6491,0.0330,-0.1307,0.0086,20.11
2991521636000,198562,-9.0066,-0.7059,-3.6467,0.0476,-0.1136,0.0110,20.11
2991532693900,198574,-8.9635,-0.7298,-3.7161,0.0513,-0.0977,0.0159,20.13
2991543644700,198585,-8.9372,-0.7430,-3.7914,0.0464,-0.0916,0.0244,20.13
2991555551100,198596,-8.8666,-0.7190,-3.8321,0.0501,-0.0977,0.0330,20.11
2991566719400,198607,-8.8427,-0.6712,-3.8608,0.0660,-0.1173,0.0379,20.11
2991577714600,198619,-8.9085,-0.5815,-3.7603,0.0965,-0.1735,0.0281,20.13
2991589536000,198630,-8.9659,-0.6449,-3.7029,0.1161,-0.1857,0.0244,20.11
2991600608300,198641,-8.9910,-0.6461,-3.6108,0.1051,-0.1845,0.0367,20.11
2991611545500,198652,-8.9647,-0.5862,-3.5378,0.0819,-0.1637,0.0476,20.14
2991622711900,198664,-8.9240,-0.4953,-3.5725,0.0709,-0.1319,0.0403,20.14
2991634552200,198675,-8.9372,-0.4594,-3.6096,0.0770,-0.1014,0.0110,20.12
2991645630100,198686,-8.9264,-0.5420,-3.6419,0.0672,-0.0782,-0.0208,20.12
2991656709100,198697,-8.9336,-0.6508,-3.7340,0.0574,-0.0684,-0.0342,20.13
2991667653200,198709,-8.9539,-0.7167,-3.7436,0.0525,-0.0831,-0.0208,20.09
2991679612000,198720,-8.9480,-0.6796,-3.6981,0.0489,-0.0843,-0.0049,20.09
2991690574500,198731,-8.8941,-0.6018,-3.7256,0.0489,-0.0782,-0.0024,20.12
2991701828500,198743,-8.8714,-0.5408,-3.7543,0.0574,-0.0745,-0.0159,20.12
2991713431300,198754,-8.9013,-0.5551,-3.7507,0.0562,-0.0770,-0.0318,20.12
2991724371600,198765,-8.9228,-0.5791,-3.6981,0.0501,-0.0806,-0.0391,20.12
2991735354100,198776,-8.9324,-0.6114,-3.6742,0.0464,-0.0794,-0.0379,20.13
2991746495500,198788,-8.9204,-0.6114,-3.7208,0.0428,-0.0757,-0.0342,20.13
2991758331500,198799,-8.8941,-0.5922,-3.7208,0.0538,-0.0684,-0.0440,20.12
2991769373600,198810,-8.8905,-0.6640,-3.7388,0.0354,-0.0684,-0.0464,20.09
2991780413900,198821,-8.9109,-0.6269,-3.7376,0.0330,-0.0696,-0.0391,20.09
2991792744300,198833,-8.9204,-0.5886,-3.7699,0.0379,-0.0696,-0.0403,20.13
2991803464200,198844,-8.9539,-0.6628,-3.7890,0.0367,-0.0733,-0.0440,20.13
2991814869600,198855,-9.0269,-0.7298,-3.8177,0.0464,-0.0757,-0.0501,20.06
2991825560100,198866,-9.0389,-0.7669,-3.7735,0.0513,-0.0782,-0.0489,20.06
2991837430000,198878,-9.0604,-0.6951,-3.7388,0.0440,-0.0696,-0.0403,20.14
2991848645700,198889,-9.0293,-0.7047,-3.7567,0.0195,-0.0501,-0.0269,20.14
2991859433700,198900,-9.0269,-0.7418,-3.8357,0.0171,-0.0489,-0.0208,20.14
2991870874500,198912,-9.0592,-0.7334,-3.8046,0.0208,-0.0586,-0.0159,20.11
2991882859800,198923,-9.0401,-0.7298,-3.7496,0.0183,-0.0684,-0.0110,20.11
2991893554500,198934,-9.0544,-0.6676,-3.7089,0.0330,-0.0733,-0.0073,20.15
2991904993900,198945,-9.0138,-0.5970,-3.6455,0.0403,-0.0745,-0.0086,20.15
2991916745000,198957,-8.9659,-0.5444,-3.5833,0.0342,-0.0660,-0.0183,20.13
2991927383400,198968,-8.9396,-0.5599,-3.6670,0.0257,-0.0538,-0.0305,20.13
2991938882300,198979,-8.9408,-0.6508,-3.7352,0.0208,-0.0415,-0.0354,20.14
2991949488200,198990,-8.9599,-0.6628,-3.7531,0.0195,-0.0476,-0.0379,20.17
2991961342800,199002,-8.9468,-0.6592,-3.7304,0.0183,-0.0538,-0.0354,20.17
2991972509500,199013,-8.9575,-0.6592,-3.7424,0.0269,-0.0562,-0.0379,20.11
2991983525200,199024,-8.9336,-0.6461,-3.7125,0.0305,-0.0599,-0.0428,20.11
2991995137400,199035,-8.9408,-0.6520,-3.6897,0.0269,-0.0599,-0.0428,20.11
2992006861700,199047,-8.9515,-0.6760,-3.6897,0.0208,-0.0599,-0.0440,20.11
2992017579600,199058,-8.9539,-0.6389,-3.6562,0.0183,-0.0635,-0.0489,20.14
2992028810500,199069,-8.9839,-0.6508,-3.6383,0.0147,-0.0611,-0.0525,20.13
2992040925100,199080,-8.9803,-0.6784,-3.6335,0.0208,-0.0550,-0.0574,20.13
2992051590700,199092,-8.9623,-0.6951,-3.6730,0.0257,-0.0501,-0.0611,20.08
2992063116000,199103,-8.9671,-0.6485,-3.6754,0.0391,-0.0525,-0.0599,20.08
2992074851200,199115,-8.9204,-0.6497,-3.6622,0.0428,-0.0538,-0.0623,20.12
2992085606400,199127,-8.9384,-0.6891,-3.7017,0.0403,-0.0550,-0.0623,20.12
2992096769400,199138,-8.9252,-0.7035,-3.6838,0.0342,-0.0586,-0.0586,20.11
2992107788600,199149,-8.8786,-0.5587,-3.6766,0.0403,-0.0721,-0.0611,20.13
2992119582700,199160,-8.9157,-0.5862,-3.6933,0.0538,-0.0757,-0.0843,20.13
2992130715200,199172,-9.0078,-0.6592,-3.6897,0.0599,-0.0770,-0.1112,20.11
2992141749100,199183,-9.0162,-0.7490,-3.6455,0.0562,-0.0770,-0.1197,20.11
2992153568600,199194,-9.0305,-0.7813,-3.6443,0.0440,-0.0672,-0.1136,20.10
2992164615400,199205,-9.0520,-0.8124,-3.6778,0.0415,-0.0562,-0.1014,20.10
2992175797300,199217,-9.0389,-0.7825,-3.6694,0.0354,-0.0476,-0.0916,20.15
2992186826700,199228,-9.0126,-0.7501,-3.6203,0.0183,-0.0379,-0.0794,20.15
2992198895900,199239,-9.0042,-0.6700,-3.6311,-0.0098,-0.0110,-0.0733,20.10
2992209545100,199250,-9.0293,-0.5982,-3.6467,-0.0220,0.0000,-0.0904,20.11
2992220817700,199262,-9.0293,-0.6329,-3.6467,-0.0354,0.0086,-0.1148,20.11
2992232395700,199273,-9.0162,-0.7430,-3.6778,-0.0489,0.0159,-0.1319,20.13
2992243434500,199284,-9.0030,-0.7430,-3.7543,-0.0403,0.0183,-0.1405,20.13
2992255047200,199296,-8.9755,-0.8818,-3.7591,-0.0672,0.0171,-0.1332,20.13
2992265638100,199307,-8.9635,-0.8495,-3.7735,-0.0623,0.0122,-0.1222,20.13
2992277597300,199318,-8.9635,-0.7717,-3.7304,-0.0599,0.0024,-0.1112,20.12
2992288719400,199329,-8.9659,-0.7143,-3.6969,-0.0684,0.0049,-0.1210,20.09
2992299794100,199341,-8.9922,-0.7035,-3.6670,-0.0794,0.0134,-0.1356,20.09
2992311442500,199352,-8.9539,-0.7860,-3.7077,-0.1014,0.0269,-0.1405,20.12
2992322548300,199363,-8.9288,-0.9045,-3.7747,-0.1344,0.0354,-0.1344,20.12
2992333592000,199374,-8.8499,-0.9811,-3.8728,-0.1600,0.0354,-0.1136,20.10
2992344867000,199386,-8.8056,-0.9500,-3.9637,-0.1649,0.0232,-0.0880,20.10
2992356937700,199397,-8.8211,-0.9129,-3.7053,-0.1637,0.0024,-0.0672,20.11
2992367548100,199408,-8.7781,-0.7430,-3.8979,-0.1173,-0.0354,-0.0501,20.13
2992378798100,199419,-8.8307,-0.8267,-3.9075,-0.1319,-0.0391,-0.0538,20.13
2992390544400,199431,-8.8451,-0.8602,-3.9350,-0.1393,-0.0391,-0.0574,20.12
2992401602700,199442,-8.8427,-0.8782,-3.9410,-0.1515,-0.0403,-0.0501,20.12
2992412611200,199453,-8.8642,-0.8650,-3.9685,-0.1515,-0.0464,-0.0403,20.11
2992424899200,199464,-8.8666,-0.8052,-3.9553,-0.1393,-0.0562,-0.0367,20.11
2992435591600,199476,-8.8738,-0.7741,-3.9027,-0.1319,-0.0684,-0.0342,20.11
2992446756200,199487,-8.9025,-0.7143,-3.7926,-0.1271,-0.0745,-0.0354,20.11
2992458525700,199498,-8.8929,-0.6951,-3.8166,-0.1014,-0.0574,-0.0428,20.11
2992469606900,199511,-8.8977,-0.6939,-3.8644,-0.0965,-0.0513,-0.0538,20.10
2992480675000,199522,-8.9133,-0.7286,-3.8800,-0.0892,-0.0513,-0.0660,20.10
2992491546100,199533,-8.9372,-0.7872,-3.9111,-0.0770,-0.0538,-0.0709,20.09
2992503612600,199544,-8.9659,-0.8423,-3.9147,-0.0562,-0.0574,-0.0635,20.09
2992514998000,199556,-8.9408,-0.8578,-3.9027,-0.0440,-0.0623,-0.0489,20.12
2992525651700,199567,-8.9480,-0.7992,-3.8776,-0.0281,-0.0696,-0.0354,20.12
2992537519000,199578,-8.9719,-0.6975,-3.7663,-0.0208,-0.0770,-0.0208,20.09
2992548620000,199589,-8.9432,-0.6556,-3.7041,0.0037,-0.0672,-0.0232,20.12
2992559709700,199601,-8.8965,-0.6891,-3.7807,0.0098,-0.0501,-0.0318,20.12
2992570751400,199612,-8.8714,-0.7382,-3.8836,0.0000,-0.0415,-0.0440,20.16
2992582724900,199623,-8.8307,-0.7645,-3.9218,-0.0147,-0.0452,-0.0513,20.16
2992593698300,199634,-8.8427,-0.8004,-3.9517,-0.0220,-0.0538,-0.0562,20.09
2992604750800,199646,-8.8762,-0.8267,-3.9398,-0.0147,-0.0672,-0.0562,20.09
2992616540400,199657,-8.8690,-0.8004,-3.8644,0.0037,-0.0831,-0.0440,20.09
2992627535600,199668,-8.8702,-0.6724,-3.7460,0.0379,-0.0953,-0.0257,20.12
2992638683300,199680,-8.8738,-0.6748,-3.7244,0.0452,-0.0929,-0.0379,20.12
2992649760300,199691,-8.8834,-0.6963,-3.7149,0.0415,-0.0867,-0.0525,20.14
2992661597100,199702,-8.9001,-0.7274,-3.7220,0.0330,-0.0794,-0.0611,20.14
2992672676800,199713,-8.8893,-0.7478,-3.7627,0.0318,-0.0709,-0.0623,20.12
2992683801400,199725,-8.8822,-0.7944,-3.8369,0.0293,-0.0635,-0.0611,20.12
2992695494700,199736,-8.9240,-0.8004,-3.8692,0.0281,-0.0648,-0.0623,20.14
2992706655500,199747,-8.9288,-0.7525,-3.8034,0.0257,-0.0721,-0.0599,20.14
2992717641700,199758,-8.8905,-0.7131,-3.8118,0.0257,-0.0684,-0.0538,20.14
2992728827000,199770,-8.8929,-0.7143,-3.8716,0.0183,-0.0660,-0.0574,20.12
2992740936000,199781,-8.9061,-0.7418,-3.8847,0.0122,-0.0733,-0.0611,20.12
2992751558000,199792,-8.9228,-0.7621,-3.8776,0.0122,-0.0831,-0.0574,20.13
2992763116300,199803,-8.9755,-0.8076,-3.8740,0.0232,-0.0904,-0.0501,20.13
2992774643700,199815,-9.0245,-0.8160,-3.8512,0.0318,-0.0990,-0.0403,20.12
2992785648300,199826,-9.0185,-0.7884,-3.8070,0.0354,-0.1002,-0.0379,20.12
2992796881600,199837,-9.0556,-0.7980,-3.8142,0.0403,-0.0929,-0.0452,20.10
2992807802000,199848,-9.0437,-0.8471,-3.8118,0.0269,-0.0660,-0.0550,20.11
2992819627100,199860,-8.9755,-0.8602,-3.8393,0.0086,-0.0574,-0.0452,20.11
2992830789300,199871,-8.9348,-0.8124,-3.8883,0.0098,-0.0525,-0.0403,20.12
2992841894100,199882,-8.9240,-0.7980,-3.9230,0.0122,-0.0574,-0.0440,20.12
2992852801100,199894,-8.9109,-0.8279,-3.8895,0.0098,-0.0672,-0.0476,20.14
2992864613700,199905,-8.8989,-0.8160,-3.8632,0.0183,-0.0770,-0.0452,20.14
2992875468100,199916,-8.8869,-0.8040,-3.8453,0.0293,-0.0843,-0.0391,20.11
2992886781200,199927,-8.8798,-0.7633,-3.8046,0.0318,-0.0904,-0.0367,20.11
2992898644300,199939,-8.8798,-0.7167,-3.7639,0.0391,-0.0904,-0.0501,20.13
2992909612500,199950,-8.8522,-0.7394,-3.7460,0.0342,-0.0880,-0.0635,20.11
2992920740600,199961,-8.8774,-0.7418,-3.7711,0.0318,-0.0843,-0.0757,20.11
2992931680200,199972,-8.8702,-0.7621,-3.7543,0.0208,-0.0867,-0.0806,20.16
2992943632200,199984,-8.8558,-0.7836,-3.7424,0.0220,-0.0904,-0.0806,20.16
2992954685400,199995,-8.8738,-0.8064,-3.7651,0.0269,-0.0904,-0.0831,20.13
2992965704700,200006,-8.8750,-0.8423,-3.7507,0.0281,-0.0892,-0.0831,20.13
2992977551100,200017,-8.9085,-0.8399,-3.7268,0.0342,-0.0806,-0.0794,20.10
2992988946700,200029,-8.8774,-0.8088,-3.7256,0.0354,-0.0733,-0.0794,20.14
2992999660300,200040,-8.9037,-0.7920,-3.7890,0.0379,-0.0684,-0.0867,20.14
2993010850100,200051,-8.9707,-0.8183,-3.8189,0.0403,-0.0721,-0.1051,20.12
2993022930800,200062,-8.9456,-0.8375,-3.7962,0.0403,-0.0806,-0.1210,20.12
2993033678200,200075,-8.9480,-0.8626,-3.7723,0.0428,-0.0867,-0.1307,20.10
2993044594900,200086,-8.9683,-0.9224,-3.7747,0.0489,-0.0892,-0.1356,20.10
2993056424300,200097,-8.9587,-0.9655,-3.7376,0.0464,-0.0892,-0.1283,20.12
2993067548000,200109,-8.9504,-0.9906,-3.7412,0.0318,-0.0819,-0.0929,20.14
2993078592700,200120,-8.9946,-1.0110,-3.7208,0.0244,-0.0721,-0.0672,20.14
2993090426900,200131,-9.0233,-0.9894,-3.7017,0.0208,-0.0623,-0.0391,20.16
2993101534000,200142,-9.0317,-0.9858,-3.6945,0.0159,-0.0513,-0.0159,20.16
2993112691500,200154,-8.9743,-0.8746,-3.7173,0.0257,-0.0428,-0.0061,20.14
2993123735100,200165,-8.9420,-0.8303,-3.7723,0.0220,-0.0415,-0.0159,20.14
2993135483800,200176,-8.9264,-0.8267,-3.7998,0.0220,-0.0476,-0.0403,20.12
2993146541800,200187,-8.9515,-0.9631,-3.7819,0.0208,-0.0586,-0.0599,20.12
2993157841100,200199,-8.9492,-0.9727,-3.7699,0.0171,-0.0745,-0.0489,20.14
2993169445500,200210,-8.9252,-0.9583,-3.7663,0.0183,-0.0745,-0.0379,20.14
2993180494700,200221,-8.8869,-0.9284,-3.7256,0.0159,-0.0721,-0.0305,20.14
2993191618400,200232,-8.8558,-0.8303,-3.7507,0.0257,-0.0684,-0.0391,20.11
2993202710000,200244,-8.8702,-0.7908,-3.7735,0.0342,-0.0721,-0.0635,20.11
2993214509300,200255,-8.8499,-0.8327,-3.7890,0.0305,-0.0819,-0.0892,20.14
2993225585100,200266,-8.8893,-0.8710,-3.7902,0.0305,-0.0953,-0.1124,20.14
2993236615400,200278,-8.9695,-1.0026,-3.7304,0.0220,-0.1222,-0.1307,20.14
2993248385800,200289,-8.9432,-1.0181,-3.6251,0.0342,-0.1210,-0.1246,20.12
2993259582700,200300,-8.8319,-1.1785,-3.5426,-0.0024,-0.1014,-0.0990,20.12
2993270621200,200311,-8.8774,-1.0839,-3.6263,0.0073,-0.0733,-0.0660,20.12
2993281723400,200323,-8.9336,-1.0349,-3.6814,-0.0012,-0.0586,-0.0452,20.12
2993293500600,200334,-8.9539,-0.9727,-3.6514,0.0024,-0.0538,-0.0391,20.17
2993304712000,200345,-8.9204,-1.0074,-3.6156,-0.0073,-0.0501,-0.0379,20.17
2993315658000,200356,-8.8774,-0.9380,-3.7196,0.0012,-0.0464,-0.0403,20.13
2993327418300,200368,-8.8726,-0.9535,-3.6993,0.0000,-0.0586,-0.0721,20.12
2993338467800,200379,-8.9133,-1.0229,-3.6742,-0.0024,-0.0648,-0.0770,20.12
2993349687600,200390,-8.8941,-1.0277,-3.6419,0.0037,-0.0684,-0.0684,20.12
2993360670000,200401,-8.8798,-0.9679,-3.6622,0.0098,-0.0696,-0.0648,20.12
2993372521300,200413,-8.9061,-0.9224,-3.6718,0.0171,-0.0660,-0.0757,20.14
2993383748700,200424,-8.9109,-0.9631,-3.6849,0.0110,-0.0623,-0.0916,20.14
2993394949200,200435,-8.9204,-1.0528,-3.6790,-0.0073,-0.0574,-0.0929,20.13
2993406466400,200446,-8.9109,-0.9631,-3.7460,-0.0098,-0.0525,-0.0867,20.13
2993417542900,200458,-8.9874,-0.9272,-3.7196,0.0012,-0.0648,-0.0990,20.14
2993428620200,200469,-8.9862,-0.9428,-3.6778,-0.0073,-0.0709,-0.1197,20.12
2993439632300,200480,-8.9946,-1.0193,-3.6634,-0.0171,-0.0733,-0.1356,20.12
2993451479100,200492,-9.1083,-0.8590,-3.7663,0.0024,-0.0819,-0.1552,20.14
2993462578300,200503,-8.9527,-1.0576,-3.5354,-0.0611,-0.0819,-0.1662,20.14
2993473590700,200515,-8.9527,-1.1462,-3.5462,-0.0990,-0.0623,-0.1539,20.12
2993485484000,200526,-8.9504,-1.1533,-3.5629,-0.1332,-0.0281,-0.1258,20.12
2993496598500,200538,-9.0221,-0.9404,-3.6179,-0.1784,0.0000,-0.1063,20.12
2993507653300,200549,-9.0018,-0.8901,-3.6802,-0.2175,-0.0012,-0.1307,20.14
2993519418600,200560,-9.0748,-0.9129,-3.6610,-0.2553,-0.0147,-0.1564,20.14
2993530536600,200571,-9.1681,-1.0050,-3.6096,-0.3164,-0.0281,-0.1747,20.12
2993541664900,200583,-9.1143,-0.9990,-3.5713,-0.3714,-0.0269,-0.1857,20.12
2993553373900,200594,-9.0592,-1.0421,-3.6287,-0.4581,-0.0159,-0.1967,20.16
2993564972800,200605,-8.1368,-0.5791,-3.8429,-0.5046,-0.0171,-0.2126,20.16
2993575584400,200616,-9.9123,0.7406,-3.8883,-1.1081,0.0171,-0.3189,20.17
2993587373600,200628,-5.8720,2.6070,-4.2066,-1.1961,0.0281,-0.4472,20.18
2993598930200,200639,-9.8405,-0.7023,-4.3059,-5.3170,0.0110,-0.5266,20.18
2993609524200,200650,-9.9135,-3.3344,-3.6443,-6.2052,0.1381,-0.4019,20.12
2993620746100,200662,-9.9446,-3.1454,-3.5390,-3.1960,0.2456,-0.1747,20.12
2993632487400,200673,-8.9252,0.6054,-4.5117,-0.0941,0.2602,-0.1087,20.12
2993643578000,200684,-8.7290,-0.6520,-4.6648,-0.1381,0.1625,-0.1784,20.12
2993655031600,200695,-8.6608,-0.9643,-4.4602,-0.2468,0.0379,-0.1515,20.18
2993666840900,200707,-8.7063,-0.2441,-4.0845,-0.1417,-0.0367,-0.0843,20.18
2993677507000,200718,-8.7386,-0.3326,-3.8441,-0.2114,-0.0684,-0.0892,20.14
2993689015400,200729,-8.7625,-0.3242,-3.9446,-0.1784,-0.0208,-0.1087,20.16
2993700825400,200740,-8.7242,-0.3541,-4.1013,-0.1613,0.0061,-0.1307,20.16
2993711903700,200752,-8.6393,-0.4499,-4.1097,-0.1442,0.0049,-0.1491,20.14
2993722686700,200763,-8.6620,-0.4223,-4.1121,-0.1136,-0.0012,-0.1564,20.14
2993733734600,200774,-8.7123,-0.3517,-4.0965,-0.1210,-0.0147,-0.1637,20.14
2993745565200,200786,-8.9085,-0.3601,-4.0798,-0.1258,-0.0379,-0.1869,20.14
2993756639400,200798,-8.7876,-0.7011,-3.7890,-0.0929,-0.0819,-0.2688,20.17
2993767734400,200809,-8.9324,-0.7525,-3.8608,-0.0929,-0.0574,-0.2358,20.15
2993779599100,200820,-8.9288,-0.6437,-3.8919,-0.0501,-0.0293,-0.2004,20.15
2993790590500,200832,-9.0054,-0.4798,-3.9745,-0.0403,-0.0195,-0.1918,20.12
2993801695900,200843,-8.7601,-0.4343,-3.9087,-0.0330,-0.0110,-0.2138,20.12
2993813547500,200854,-8.7003,-0.7789,-3.8931,-0.0538,0.0183,-0.2077,20.12
2993824632500,200865,-8.7649,-0.5898,-4.0510,0.0550,0.0415,-0.1869,20.12
2993835556800,200877,-8.7829,-0.5862,-4.0857,0.0452,0.0440,-0.1674,20.16
2993846793800,200888,-8.7673,-0.4487,-4.1504,0.0134,0.0354,-0.1564,20.13
2993858584100,200899,-8.7805,-0.4750,-4.2209,0.0354,0.0171,-0.1930,20.13
2993869616800,200910,-8.8379,-0.1352,-4.3131,0.1271,-0.0244,-0.2676,20.11
2993881098100,200922,-8.6776,-0.6305,-4.0774,0.0208,-0.0440,-0.3152,20.11
2993892533300,200933,-6.2596,0.8495,-4.3968,-0.1442,-0.0476,-0.3470,20.15
2993903607200,200944,-9.5856,1.2909,-4.2891,-2.3885,-0.0476,-0.5205,20.15
2993914667200,200955,-10.4853,-3.3523,-3.6694,-3.7202,0.0098,-0.5596,20.13
2993926856200,200967,-8.8307,-0.2118,-4.5703,-0.8027,0.1124,-0.2162,20.13
2993937591500,200978,-8.8570,-1.0050,-4.6158,-0.0232,0.0770,-0.1649,20.11
2993948807800,200989,-8.7805,-0.7298,-4.4052,0.1210,0.0073,-0.1026,20.18
2993959728600,201000,-8.6046,-0.5803,-4.3466,0.1210,-0.0257,-0.0489,20.18
2993971458800,201012,-8.6800,-0.3218,-4.1192,0.0867,-0.0428,-0.0452,20.15
2993982667200,201023,-8.7709,-0.3793,-4.0570,0.0867,-0.0269,-0.0794,20.15
2993993689200,201034,-8.8223,-0.5049,-4.1372,0.1014,-0.0086,-0.1026,20.20
2994004776500,201046,-8.8522,-0.5994,-4.1910,0.0953,-0.0049,-0.1014,20.20
2994018332900,201057,-8.8331,-0.5671,-4.1850,0.0916,-0.0110,-0.0929,20.17
2994027584400,201068,-8.8726,-0.6018,-4.2449,0.1173,-0.0061,-0.0892,20.15
2994038517300,201079,-8.9109,-0.6724,-4.2987,0.1136,-0.0073,-0.0696,20.15
2994050301600,201091,-8.9360,-0.7226,-4.3370,0.1063,-0.0257,-0.0305,20.16
2994061512900,201102,-8.9396,-0.6365,-4.2832,0.1197,-0.0586,0.0195,20.16
2994072698800,201113,-8.8977,-0.4594,-4.2209,0.1319,-0.0916,0.0489,20.16
2994083776000,201124,-8.9659,-0.3589,-4.1839,0.1381,-0.1210,0.0428,20.16
2994095458900,201136,-9.0915,-0.4259,-4.1372,0.1527,-0.1503,0.0122,20.14
2994106664900,201147,-9.2794,-0.7406,-3.9386,0.1881,-0.1796,0.0159,20.14
2994117493100,201158,-9.3057,-0.7537,-3.9159,0.2028,-0.1698,0.0586,20.14
2994129493500,201169,-9.2698,-0.7621,-4.0020,0.2028,-0.1503,0.1002,20.13
2994140645800,201181,-9.2076,-0.6784,-4.0475,0.1979,-0.1344,0.1368,20.13
2994151460500,201192,-9.1406,-0.4283,-4.0750,0.1772,-0.1246,0.1368,20.16
2994162713400,201203,-9.1250,-0.3075,-4.0427,0.1429,-0.1148,0.0904,20.16
2994174494100,201214,-9.0736,-0.2931,-4.0259,0.1368,-0.1014,0.0281,20.17
2994185784600,201227,-9.1502,-0.5444,-4.1468,0.1295,-0.0929,-0.0269,20.17
2994196724100,201238,-9.0796,-0.5970,-4.1767,0.0721,-0.1002,-0.0379,20.16
2994208489900,201249,-9.0425,-0.5276,-4.2664,0.0709,-0.1124,-0.0147,20.14
2994219481000,201261,-9.1059,-0.4726,-4.3370,0.0916,-0.1368,-0.0012,20.14
2994231076600,201272,-9.2040,-0.4475,-4.3502,0.1124,-0.1808,0.0147,20.14
2994242800100,201283,-9.2530,-0.4534,-4.2843,0.0806,-0.2419,0.0428,20.14
2994253604900,201294,-9.2901,-0.2955,-4.2114,0.0782,-0.2957,0.0794,20.16
2994265007200,201306,-9.3894,-0.1364,-4.2700,0.0843,-0.3360,0.1026,20.16
2994275673600,201317,-9.5976,-0.1424,-4.2891,0.0574,-0.3726,0.1051,20.17
2994287491700,201328,-9.7292,-0.1316,-4.1683,-0.0012,-0.4032,0.1051,20.16
2994298738900,201339,-9.8489,-0.1615,-4.0223,-0.0269,-0.3763,0.1051,20.16
2994309617900,201351,-9.9338,-0.2584,-3.9470,-0.0110,-0.3201,0.1112,20.16
2994321405100,201362,-9.8213,-0.4989,-4.0331,0.1197,-0.2541,0.1332,20.16
2994332621100,201373,-9.7555,-0.7825,-4.5165,0.4997,-0.2126,0.1600,20.14
2994343653800,201384,-9.8321,-0.7370,-4.8227,0.9468,-0.2663,0.2309,20.14
2994354749900,201396,-9.6526,-1.0504,-4.5870,1.0666,-0.3775,0.3726,20.12
2994366649800,201407,-9.6718,-0.8925,-3.9230,0.9725,-0.4875,0.8809,20.17
2994377622700,201418,-10.1001,-1.1737,-3.6036,0.4129,-0.4985,1.2901,20.17
2994388739100,201430,-10.2449,-1.1749,-3.5186,-0.2871,-0.5143,1.8876,20.16
2994400616300,201441,-9.9003,-1.1498,-3.4624,-1.2645,-0.4972,2.5913,20.16
2994411690900,201452,-10.2174,-0.7813,-3.4552,-1.9560,-0.4801,3.2303,20.16
2994423524900,201463,-9.7460,-0.1172,-3.6287,-2.0843,-0.5363,3.7629,20.16
2994434626700,201475,-9.0030,1.7946,-3.5270,-2.2810,-0.6194,4.0855,20.15
2994445560400,201486,-7.9860,4.3214,-3.0257,-2.7941,-0.6927,4.1185,20.15
2994456679100,201498,-6.3649,4.3322,-2.4359,-3.7703,-1.0812,3.0812,20.15
2994468933700,201509,-6.2177,5.0764,-1.2586,-2.8063,-1.0861,2.0134,20.14
2994479682400,201521,-6.3290,4.9579,0.3230,-1.0653,-0.7697,0.8332,20.14
2994490787000,201532,-7.2263,5.0417,-0.6772,0.2639,-0.2798,-0.1246,20.16
2994502548600,201543,-7.9585,3.0090,-1.2156,0.8210,0.0232,-0.6854,20.16
2994513659000,201554,-8.6943,2.8044,-1.3184,1.4563,0.1710,-0.9798,20.17
2994524783300,201566,-9.4170,2.0327,-1.0158,1.4184,0.2578,-1.0018,20.17
2994536538300,201577,-9.5605,1.8114,0.6772,0.8332,0.5009,-0.5046,20.16
2994547563300,201588,-9.2842,1.7539,0.9619,0.6683,0.7440,-0.2969,20.18
2994559057600,201600,-8.3521,1.6487,1.0421,0.9285,1.0800,-0.2382,20.18
2994569737300,201611,-7.2227,2.5017,-0.5731,0.9969,1.3647,-0.3653,20.18
2994581572800,201622,-8.1990,2.2875,-1.0576,0.6145,1.3940,-0.5705,20.18
2994592758600,201633,-8.0758,1.7958,-0.7777,0.8149,1.3134,-0.7599,20.14
2994603664300,201645,-8.5053,1.6762,-0.3565,1.1741,1.2975,-0.9175,20.14
2994615384700,201656,-7.7085,1.5876,-0.5420,1.5650,1.3256,-1.0861,20.16
2994626513800,201667,-7.5206,1.7958,-0.8195,1.3488,1.3793,-1.4844,20.18
2994637655600,201678,-7.7228,1.3328,-0.4857,1.1154,1.3158,-1.6750,20.18
2994649384200,201690,-7.9549,0.9332,-0.0287,1.1350,1.2743,-1.7788,20.14
2994660560300,201701,-7.8748,0.3984,0.1771,1.1545,1.3500,-1.8216,20.14
2994671649700,201712,-7.8281,-0.1950,-0.0323,1.1460,1.6078,-1.8387,20.14
2994682598600,201723,-7.3496,-0.5180,-0.5276,1.1399,2.0537,-1.9083,20.14
2994694535300,201735,-7.0134,-1.0493,-1.2347,1.2449,2.6292,-2.0635,20.14
2994705546500,201746,-4.0774,0.8698,-2.7338,1.9584,3.2278,-2.9493,20.14
2994716657600,201757,-3.1777,0.8985,-3.6670,2.5424,4.2076,-3.4453,20.17
2994728394300,201768,-2.4227,-0.3996,-5.0142,2.1625,4.6035,-4.0097,20.11
2994739540500,201780,-2.5866,-2.1320,-6.8435,1.8375,4.9883,-4.4520,20.11
2994750649200,201791,-2.8415,-3.2447,-8.5687,1.6811,5.3231,-4.7904,20.14
2994762414300,201802,-2.7015,-4.1504,-9.8572,1.4991,5.5308,-5.0128,20.14
2994773584900,201815,-2.0985,-4.7689,-10.8395,1.1961,5.5577,-5.0372,20.15
2994784671300,201826,-1.0217,-5.5597,-11.4138,0.6561,5.3939,-4.7281,20.15
2994796479600,201837,-0.3661,-7.1689,-12.6221,0.0086,4.3995,-2.9981,20.13
2994807573000,201848,-0.5767,-7.3232,-12.9547,0.0623,3.3365,-1.7202,20.12
2994818697600,201860,-0.8112,-6.0084,-12.5468,0.4068,1.8876,-0.3922,20.12
2994830481500,201871,-0.2369,-3.3799,-12.2034,1.1093,0.3445,0.5657,20.15
2994841608200,201882,0.4427,-1.8006,-11.0548,1.5931,-0.7672,0.7953,20.15
2994852840000,201893,0.8327,-1.0134,-9.4062,2.1124,-1.2535,0.3934,20.15
2994864473000,201905,0.8626,-0.8578,-7.8891,2.7208,-1.3378,-0.2443,20.15
2994875735700,201916,0.3422,-2.0160,-6.9464,3.0824,-1.2352,-1.5296,20.15
2994886707500,201927,0.3565,-3.1633,-5.8349,3.3610,-0.8320,-2.0965,20.18
2994898390000,201938,0.3027,-3.9565,-5.6650,3.3060,-0.5852,-2.6121,20.18
2994909482800,201950,-0.3482,-5.7404,-6.4917,3.5418,-0.4300,-3.0397,20.16
2994920646400,201961,-1.8078,-7.5912,-7.4871,3.9047,-0.4520,-3.3170,20.16
2994932448400,201972,-4.3131,-9.6323,-7.4979,4.0513,-0.5730,-3.4245,20.15
2994943587000,201984,-5.8110,-10.9304,-6.6497,4.3481,-0.8564,-3.2522,20.15
2994954936900,201996,-6.1448,-9.3416,-5.4078,4.5461,-1.2901,-2.7623,20.14
2994966423500,202007,-4.9627,-10.7521,-3.1633,3.3683,-1.6420,-1.5748,20.11
2994977592100,202018,-4.7043,-11.2750,-2.2337,3.6004,-1.5553,-1.0091,20.11
2994988653400,202030,-3.8836,-10.8850,-1.6235,4.3995,-1.3390,-0.5950,20.12
2995000470700,202041,-3.0090,-9.1167,-1.4560,5.0506,-0.9468,-0.3030,20.12
2995011643600,202052,-2.6249,-9.2973,-1.9669,4.9419,-0.5143,-0.1527,20.15
2995022811300,202063,-2.3414,-7.8879,-3.0329,4.6988,-0.1393,-0.1271,20.15
2995034460300,202075,-2.4036,-9.7986,-4.1001,3.9816,0.0721,-0.2786,20.08
2995045607600,202086,-1.6965,-11.4748,-4.9687,3.8741,0.1332,-0.4435,20.08
2995056695500,202097,-0.9595,-11.3731,-4.4782,3.5589,-0.0012,-0.3922,20.14
2995068617000,202108,-0.5743,-10.0582,-3.7507,3.3194,-0.1124,-0.3567,20.09
2995079610000,202120,-0.3948,-8.9803,-3.6503,2.4068,-0.2847,-0.6365,20.09
2995090858600,202131,-0.4714,-10.4806,-3.8477,1.6579,-0.4838,-0.9762,20.14
2995102538800,202143,-0.9308,-10.3107,-2.9815,2.3702,-0.5877,-0.9994,20.14
2995113787100,202155,-0.6987,-8.9946,-4.3167,2.3958,-0.6671,-1.0385,20.11
2995124769500,202166,-1.8449,-10.7856,-3.7149,-2.6487,-1.1484,-0.5583,20.11
2995136621900,202177,0.0981,-9.1190,-4.3059,-6.5155,-1.6799,-0.6341,20.11
2995147598000,202188,0.2249,-8.9635,-4.7773,-7.4574,-1.7275,-1.0482,20.14
2995158738900,202200,-0.2285,-9.1406,-5.5322,-7.7726,-1.6860,-1.3109,20.14
2995170897600,202211,-0.7298,-9.2710,-5.4784,-7.3450,-1.4978,-1.2755,20.11
2995181482500,202222,-0.9655,-9.1514,-4.8550,-6.7317,-1.2694,-1.0837,20.11
2995192780200,202233,-1.4130,-9.8465,-4.9938,-5.7568,-1.0360,-0.8039,20.15
2995204817700,202245,-1.9406,-10.7892,-5.1589,-4.3885,-0.9114,-0.4032,20.15
2995215363700,202256,-3.4337,-9.8728,-3.8357,0.0733,-0.8332,0.6695,20.15
2995226483700,202267,-3.1717,-7.8269,-2.7027,2.4618,-0.8528,1.2657,20.13
2995238851100,202278,-1.4800,-5.8756,-1.8485,3.9266,-0.8552,1.7434,20.13
2995249448800,202291,-0.8925,-5.2128,-1.0146,4.8209,-0.6744,2.1490,20.07
2995260542800,202302,-0.8770,-4.7749,-1.1354,6.0439,-0.1967,2.3188,20.07
2995272270700,202313,-1.2072,-7.8951,-6.1508,7.2180,0.5730,1.9951,20.14
2995283780200,202324,0.6592,2.7254,1.2694,6.1123,2.5876,-1.6530,20.14
2995294781700,202336,0.8375,-4.7342,0.4175,4.9028,3.4844,-2.4422,20.14
2995306503400,202347,-16.1886,-30.6150,-24.5910,1.9768,4.5534,-3.8680,20.11
2995317812900,202358,3.9350,-15.8824,-5.1673,2.3201,5.6029,-2.8295,20.11
2995329025400,202370,0.2847,-1.0612,-0.8865,2.1942,6.2736,-3.1814,20.13
2995340820400,202381,-0.4881,-2.1978,-0.6425,0.5400,6.1001,-2.9737,20.13
2995351474600,202392,-2.5615,-16.5141,-10.6445,0.8296,5.2730,-1.8692,20.14
2995362479700,202403,-1.4213,-0.4893,-1.1186,2.1600,3.7031,-0.0867,20.14
2995374801900,202415,0.9464,-13.8305,-4.8287,2.2565,3.0580,0.0525,20.12
2995385352200,202426,0.8351,-7.2981,-1.1665,3.6957,1.7422,1.7923,20.12
2995396462700,202437,0.7513,-8.1942,-0.2548,4.3677,1.4807,2.5412,20.12
2995408208200,202448,-0.5336,-11.6315,-1.0528,4.9138,1.3732,2.9126,20.13
2995419553400,202460,-0.7131,-7.2443,2.7625,5.7275,0.9114,0.4239,20.13
2995430513800,202471,-0.5049,-7.9944,1.8066,4.4019,0.4765,-0.2724,20.15
2995441619300,202482,-0.3781,-9.3105,2.7051,4.0170,0.1515,-0.2004,20.15
2995453534900,202493,-0.1639,-9.2626,2.7601,4.1148,-0.1796,-0.2077,20.11
2995464557900,202505,0.5384,-9.4170,3.5067,4.3188,-0.5180,-0.1662,20.11
2995475564800,202516,0.1591,-8.9133,4.3322,3.9352,-0.4484,-0.1600,20.12
2995487356900,202527,0.1041,-8.6046,4.8909,3.0458,-0.3164,-0.1600,20.14
2995498362800,202539,0.0969,-8.6871,5.1840,1.7495,-0.2004,-0.0965,20.14
2995509639500,202551,0.1137,-8.6489,5.0728,0.3983,-0.0892,-0.0452,20.15
2995520667900,202562,0.0730,-8.7996,4.8383,-0.8674,0.0195,0.0159,20.15
2995532505200,202572,0.0646,-8.7852,4.5212,-2.0146,0.1112,0.0623,20.14
2995543550300,202584,0.0215,-8.9324,4.0499,-3.0641,0.1979,0.1051,20.14
2995554607000,202595,-0.0084,-9.0413,2.6501,-3.9718,0.2688,0.1332,20.13
2995565564300,202607,-0.2620,-9.3296,1.9561,-5.2437,0.3714,0.1625,20.12
2995577444100,202618,-0.1304,-9.4768,1.1378,-5.5467,0.3934,0.1600,20.12
2995588471400,202630,-0.2441,-10.6205,0.2453,-5.6872,0.4068,0.1625,20.12
2995599663400,202641,-0.2895,-10.5751,-0.9619,-5.3304,0.3787,0.2272,20.12
2995611524300,202652,-0.3099,-9.6048,-1.0839,-4.7269,0.3262,0.2615,20.13
2995622640200,202663,-0.2489,-9.5557,-2.0710,-4.3518,0.2834,0.2370,20.13
2995633719500,202675,-0.6473,-9.5581,-0.5025,-4.4874,0.1943,0.2016,20.13
2995645425600,202686,-0.1579,-9.3751,-1.8664,-4.7770,0.2541,0.2468,20.13
2995656564100,202697,-0.3852,-9.1693,-3.3476,-5.1325,0.3702,0.2480,20.11
2995667701800,202708,-0.4283,-9.1633,-4.2748,-4.6377,0.3250,0.2187,20.12
2995679219500,202720,-0.3936,-9.0197,-4.3837,-3.8179,0.2700,0.1539,20.12
2995690564200,202731,-0.5240,-8.9001,-4.2580,-3.1374,0.2114,0.1038,20.15
2995701562600,202742,-0.3817,-8.7984,-4.0032,-2.8479,0.1918,0.1002,20.15
2995712764800,202754,-0.4499,-8.4981,-3.9577,-2.9737,0.2028,0.0965,20.12
2995724861400,202765,-0.4594,-8.6847,-5.1924,-3.1411,0.2150,0.1026,20.12
2995735445100,202776,-0.4499,-8.3809,-6.3434,-1.9169,0.1112,0.0489,20.13
2995747125500,202787,-0.5168,-8.3557,-6.4463,-0.8027,0.0110,0.0122,20.14
2995758471900,202799,-0.3757,-8.2660,-5.4174,0.2077,-0.0660,-0.0354,20.14
2995769741000,202810,-0.3996,-8.4060,-4.9519,0.5266,-0.1002,-0.0428,20.11
2995780665600,202821,-0.2776,-8.3234,-4.8227,0.4435,-0.0916,-0.0391,20.11
2995791763100,202832,-0.6233,-8.4168,-4.9424,0.3213,-0.0757,-0.0354,20.14
2995803472900,202844,-0.4295,-8.3904,-4.9376,0.2590,-0.0770,-0.0354,20.14
2995814972000,202855,-0.4199,-8.3809,-4.8395,0.2346,-0.0757,-0.0415,20.09
2995825613100,202866,-0.4164,-8.3904,-4.8957,0.1148,-0.0684,-0.0330,20.15
2995837526500,202877,-0.4128,-8.4371,-4.8538,0.0880,-0.0635,-0.0330,20.15
2995848575800,202889,-0.3996,-8.4191,-4.7952,0.0293,-0.0599,-0.0293,20.12
2995859661800,202900,-0.4044,-8.4108,-4.8060,-0.0611,-0.0525,-0.0281,20.12
2995870686900,202911,-0.4128,-8.4180,-4.8168,-0.1600,-0.0428,-0.0232,20.16
2995882895000,202923,-0.4152,-8.3844,-4.9328,-0.2553,-0.0342,-0.0195,20.16
2995893545800,202934,-0.4343,-8.3964,-5.1506,-0.2590,-0.0342,-0.0183,20.12
2995904504300,202945,-0.4211,-8.3749,-5.1326,-0.1283,-0.0464,-0.0232,20.12
2995916631800,202957,-0.4116,-8.3904,-4.9507,0.1258,-0.0660,-0.0342,20.13
2995927566100,202969,-0.4068,-8.3725,-4.8993,0.0990,-0.0635,-0.0354,20.11
2995938737900,202980,-0.4199,-8.3976,-4.9220,0.0367,-0.0586,-0.0330,20.11
2995950415300,202991,-0.4068,-8.3880,-4.9735,-0.0073,-0.0550,-0.0318,20.16
2995961414700,203002,-0.4092,-8.3797,-4.9938,-0.0122,-0.0538,-0.0330,20.16
2995972953400,203014,-0.4235,-8.3880,-4.9926,0.0012,-0.0574,-0.0293,20.11
2995983701300,203025,-0.4211,-8.3809,-4.9866,0.0110,-0.0574,-0.0305,20.11
2995995555200,203036,-0.4175,-8.3797,-5.0154,0.0086,-0.0586,-0.0293,20.11
2996006663100,203047,-0.4044,-8.3737,-4.9831,0.0195,-0.0586,-0.0293,20.12
2996017700700,203059,-0.4152,-8.3809,-5.0058,0.0183,-0.0586,-0.0293,20.12
2996029445700,203070,-0.4116,-8.3785,-4.9926,0.0244,-0.0586,-0.0281,20.11
2996040949100,203081,-0.4187,-8.3844,-4.9926,0.0293,-0.0599,-0.0293,20.11
2996052141100,203092,-0.4223,-8.3904,-4.9926,0.0379,-0.0611,-0.0293,20.11
2996062683300,203104,-0.4116,-8.3821,-4.9579,0.0415,-0.0611,-0.0293,20.11
2996074618900,203115,-0.4068,-8.3773,-4.9902,0.0208,-0.0586,-0.0281,20.13
2996085639800,203126,-0.4128,-8.3725,-5.0261,-0.0220,-0.0550,-0.0281,20.12
2996097177200,203138,-0.4140,-8.3809,-5.0261,-0.0037,-0.0574,-0.0281,20.12
2996108446100,203149,-0.4295,-8.3880,-5.0082,0.0257,-0.0599,-0.0281,20.17
2996119557400,203160,-0.4140,-8.3833,-4.9687,0.0330,-0.0599,-0.0281,20.17
2996130465000,203171,-0.4259,-8.3868,-4.9831,0.0183,-0.0586,-0.0281,20.11
2996141612200,203183,-0.4187,-8.3761,-4.9974,0.0086,-0.0586,-0.0281,20.11
2996153506000,203194,-0.4199,-8.3785,-5.0273,0.0147,-0.0586,-0.0269,20.11
2996164633100,203205,-0.4164,-8.3797,-4.9807,0.0342,-0.0599,-0.0281,20.11
2996175638700,203216,-0.4116,-8.3725,-4.9747,0.0220,-0.0599,-0.0281,20.12
2996188065600,203228,-0.4056,-8.3797,-4.9974,0.0061,-0.0574,-0.0269,20.10
2996198561200,203239,-0.4044,-8.3689,-5.0046,0.0012,-0.0574,-0.0281,20.10
2996210648000,203250,-0.4199,-8.3737,-5.0130,0.0086,-0.0574,-0.0293,20.09
2996220689400,203261,-0.4164,-8.3880,-5.0046,0.0147,-0.0586,-0.0293,20.09
2996232861700,203273,-0.4128,-8.3701,-4.9938,0.0195,-0.0586,-0.0293,20.11
2996243955700,203284,-0.4283,-8.3833,-4.9962,0.0183,-0.0586,-0.0281,20.11
2996254692300,203295,-0.4152,-8.3797,-5.0022,0.0183,-0.0586,-0.0293,20.09
2996266442600,203307,-0.4140,-8.3761,-5.0022,0.0171,-0.0586,-0.0281,20.12
2996277660000,203318,-0.4152,-8.3749,-5.0261,0.0195,-0.0586,-0.0281,20.12
2996288953800,203329,-0.4092,-8.3713,-4.9986,0.0208,-0.0586,-0.0293,20.12
2996299804500,203340,-0.4187,-8.3677,-4.9974,0.0183,-0.0574,-0.0281,20.12
2996311330400,203352,-0.4223,-8.3809,-4.9854,0.0134,-0.0586,-0.0281,20.10
2996322513600,203363,-0.4128,-8.3833,-5.0022,0.0098,-0.0574,-0.0281,20.10
2996333517400,203374,-0.4152,-8.3701,-5.0022,0.0098,-0.0574,-0.0281,20.12
2996345434200,203385,-0.4116,-8.3653,-5.0130,0.0147,-0.0586,-0.0281,20.12
2996356724200,203397,-0.4164,-8.3677,-4.9986,0.0171,-0.0586,-0.0293,20.12
2996367526900,203408,-0.4140,-8.3641,-5.0106,0.0171,-0.0574,-0.0293,20.12
2996378572300,203419,-0.4104,-8.3761,-5.0034,0.0195,-0.0574,-0.0293,20.12
2996391013400,203430,-0.4175,-8.3725,-5.0094,0.0208,-0.0574,-0.0293,20.12
2996401598900,203442,-0.4116,-8.3701,-4.9866,0.0195,-0.0586,-0.0293,20.12
2996412557900,203453,-0.4152,-8.3821,-4.9986,0.0134,-0.0586,-0.0293,20.11
2996424513700,203464,-0.4259,-8.3797,-5.0046,0.0086,-0.0574,-0.0293,20.11
2996435494500,203475,-0.4283,-8.3713,-5.0034,0.0183,-0.0586,-0.0305,20.09
2996447207800,203487,-0.4152,-8.3653,-4.9998,0.0159,-0.0574,-0.0305,20.14
2996457773700,203499,-0.4068,-8.3653,-5.0154,0.0110,-0.0574,-0.0293,20.14
2996469464400,203510,-0.3996,-8.3677,-5.0201,0.0073,-0.0574,-0.0293,20.15
2996480498300,203522,-0.4032,-8.3797,-5.0249,0.0147,-0.0574,-0.0293,20.15
2996491565900,203533,-0.4152,-8.3689,-5.0130,0.0244,-0.0586,-0.0293,20.12
2996503287700,203544,-0.4223,-8.3761,-4.9974,0.0257,-0.0599,-0.0293,20.12
2996514636100,203555,-0.4295,-8.3725,-4.9962,0.0195,-0.0586,-0.0281,20.15
2996526068300,203567,-0.4223,-8.3761,-5.0213,0.0098,-0.0586,-0.0281,20.13
2996536770600,203578,-0.4056,-8.3677,-5.0261,0.0122,-0.0574,-0.0293,20.13
2996548359800,203589,-0.4008,-8.3689,-5.0333,0.0159,-0.0586,-0.0281,20.11
2996559963100,203600,-0.4008,-8.3605,-5.0249,0.0183,-0.0586,-0.0281,20.11
2996570589700,203612,-0.4080,-8.3761,-5.0177,0.0208,-0.0586,-0.0281,20.13
2996581553100,203623,-0.4056,-8.3725,-5.0094,0.0220,-0.0586,-0.0281,20.13
2996594125000,203634,-0.4056,-8.3701,-4.9902,0.0208,-0.0586,-0.0281,20.10
2996604685300,203645,-0.4175,-8.3725,-4.9926,0.0208,-0.0586,-0.0281,20.10
2996616337600,203657,-0.4044,-8.3689,-5.0213,0.0147,-0.0586,-0.0293,20.11
2996627538400,203668,-0.4080,-8.3593,-5.0166,0.0122,-0.0586,-0.0281,20.15
2996638543600,203679,-0.4104,-8.3665,-5.0333,0.0122,-0.0574,-0.0281,20.15
2996649513900,203691,-0.4020,-8.3641,-5.0357,0.0147,-0.0586,-0.0281,20.11
2996660618300,203702,-0.4175,-8.3701,-5.0177,0.0183,-0.0586,-0.0281,20.11
2996672631300,203713,-0.4152,-8.3689,-5.0249,0.0208,-0.0599,-0.0281,20.14
2996684128900,203724,-0.4187,-8.3749,-5.0058,0.0208,-0.0586,-0.0293,20.14
2996695067300,203736,-0.4235,-8.3713,-5.0225,0.0122,-0.0574,-0.0305,20.16
2996706435500,203747,-0.4211,-8.3653,-5.0213,0.0110,-0.0574,-0.0305,20.13
2996717661500,203758,-0.4092,-8.3629,-5.0273,0.0134,-0.0574,-0.0293,20.13
2996729148100,203769,-0.4056,-8.3617,-5.0237,0.0159,-0.0586,-0.0293,20.10
2996739714200,203781,-0.4044,-8.3677,-5.0154,0.0171,-0.0586,-0.0293,20.10
2996751580400,203792,-0.4104,-8.3617,-5.0106,0.0171,-0.0586,-0.0281,20.14
2996762598100,203803,-0.4080,-8.3701,-5.0142,0.0183,-0.0586,-0.0293,20.14
2996773748900,203814,-0.4271,-8.3653,-4.9950,0.0195,-0.0586,-0.0293,20.11
2996785523600,203826,-0.4223,-8.3282,-4.9974,0.0171,-0.0586,-0.0293,20.11
2996797153500,203837,-0.4175,-8.3916,-5.0369,0.0159,-0.0586,-0.0281,20.11
2996807818100,203848,-0.4020,-8.3342,-5.0142,0.0159,-0.0586,-0.0281,20.11
2996819016200,203859,-0.4080,-8.3677,-5.0261,0.0159,-0.0586,-0.0281,20.11
2996830448400,203871,-0.4068,-8.3689,-5.0285,0.0183,-0.0599,-0.0281,20.12
2996841485500,203882,-0.4116,-8.3617,-5.0154,0.0183,-0.0586,-0.0281,20.12
2996852690500,203893,-0.4044,-8.3797,-5.0177,0.0183,-0.0586,-0.0281,20.10
2996864257600,203905,-0.4152,-8.3773,-5.0094,0.0220,-0.0586,-0.0281,20.10
2996875466600,203916,-0.4092,-8.3701,-4.9926,0.0171,-0.0599,-0.0281,20.11
2996886885700,203927,-0.4080,-8.3557,-5.0285,0.0122,-0.0586,-0.0293,20.15
2996897641300,203938,-0.4164,-8.3653,-5.0309,0.0147,-0.0586,-0.0281,20.15
2996910173600,203950,-0.4175,-8.3545,-5.0285,0.0159,-0.0586,-0.0281,20.13
2996920479000,203961,-0.4175,-8.3605,-5.0285,0.0195,-0.0586,-0.0293,20.13
2996931701700,203972,-0.4187,-8.3617,-5.0189,0.0195,-0.0586,-0.0293,20.09
2996942790600,203983,-0.4235,-8.3689,-5.0237,0.0183,-0.0586,-0.0293,20.09
2996954464300,203995,-0.4140,-8.3641,-5.0130,0.0171,-0.0574,-0.0318,20.11
2996965478300,204006,-0.4032,-8.3701,-5.0273,0.0122,-0.0574,-0.0318,20.13
2996976917300,204017,-0.4104,-8.3569,-5.0285,0.0110,-0.0562,-0.0305,20.13
2996988353500,204028,-0.4164,-8.3581,-5.0405,0.0147,-0.0574,-0.0293,20.09
2996999516000,204040,-0.4104,-8.3569,-5.0225,0.0159,-0.0574,-0.0293,20.09
2997010567200,204051,-0.4140,-8.3557,-5.0309,0.0171,-0.0574,-0.0281,20.15
2997021634100,204062,-0.4164,-8.3617,-5.0285,0.0195,-0.0586,-0.0293,20.15
2997033424400,204073,-0.4152,-8.3653,-5.0273,0.0183,-0.0586,-0.0281,20.09
2997044757800,204085,-0.4080,-8.3689,-5.0213,0.0195,-0.0586,-0.0281,20.09
2997055663500,204096,-0.4032,-8.3689,-5.0357,0.0183,-0.0586,-0.0281,20.13
2997067358300,204107,-0.4056,-8.3725,-5.0261,0.0171,-0.0586,-0.0293,20.08
2997078622800,204119,-0.4211,-8.3581,-5.0177,0.0171,-0.0586,-0.0281,20.08
2997089584800,204130,-0.4104,-8.3545,-5.0309,0.0171,-0.0586,-0.0281,20.11
2997100636500,204141,-0.4235,-8.3533,-5.0285,0.0171,-0.0586,-0.0281,20.11
2997112666400,204152,-0.4128,-8.3545,-5.0273,0.0183,-0.0586,-0.0281,20.14
2997123438200,204165,-0.4211,-8.3617,-5.0166,0.0183,-0.0586,-0.0281,20.14
2997134732000,204176,-0.4032,-8.3629,-5.0297,0.0171,-0.0599,-0.0281,20.11
2997146473400,204187,-0.3972,-8.3581,-5.0261,0.0183,-0.0586,-0.0281,20.14
2997157671300,204198,-0.4008,-8.3629,-5.0273,0.0183,-0.0586,-0.0281,20.14
2997168757800,204210,-0.4116,-8.3617,-5.0285,0.0183,-0.0586,-0.0293,20.09
2997179646800,204221,-0.4128,-8.3557,-5.0213,0.0183,-0.0586,-0.0281,20.09
2997191979400,204232,-0.4140,-8.3605,-5.0393,0.0171,-0.0599,-0.0293,20.09
2997202618000,204243,-0.4235,-8.3581,-5.0309,0.0171,-0.0586,-0.0281,20.09
2997213725400,204255,-0.4056,-8.3617,-5.0285,0.0171,-0.0586,-0.0281,20.13
2997225869200,204266,-0.4056,-8.3641,-5.0249,0.0183,-0.0586,-0.0281,20.11
2997236495300,204277,-0.4152,-8.3665,-5.0249,0.0195,-0.0599,-0.0281,20.11
2997247558400,204289,-0.4044,-8.3569,-5.0225,0.0195,-0.0586,-0.0269,20.12
2997258655800,204300,-0.4175,-8.3569,-5.0405,0.0183,-0.0599,-0.0269,20.12
2997270391900,204311,-0.4223,-8.3605,-5.0321,0.0171,-0.0599,-0.0269,20.11
2997281475700,204322,-0.4152,-8.3593,-5.0369,0.0159,-0.0586,-0.0269,20.11
2997292639800,204334,-0.4140,-8.3557,-5.0441,0.0171,-0.0586,-0.0257,20.10
2997304457100,204345,-0.4116,-8.3569,-5.0249,0.0195,-0.0599,-0.0257,20.10
2997315468400,204356,-0.3984,-8.3605,-5.0249,0.0220,-0.0611,-0.0257,20.10
2997326638100,204367,-0.4128,-8.3581,-5.0321,0.0208,-0.0611,-0.0232,20.14
2997337733000,204379,-0.4020,-8.3474,-5.0237,0.0208,-0.0611,-0.0220,20.14
2997349462600,204390,-0.4259,-8.3737,-5.0548,0.0220,-0.0648,-0.0171,20.11
2997360712900,204401,-0.4307,-8.3665,-5.0453,0.0269,-0.0623,-0.0220,20.11
2997371593000,204412,-0.4175,-8.3510,-5.0189,0.0232,-0.0586,-0.0281,20.11
2997383462900,204424,-0.4211,-8.3569,-5.0297,0.0147,-0.0586,-0.0269,20.11
2997394542500,204435,-0.4128,-8.3557,-5.0369,0.0122,-0.0586,-0.0281,20.11
2997405672200,204446,-0.4128,-8.3617,-5.0321,0.0208,-0.0586,-0.0281,20.12
2997416810700,204457,-0.4092,-8.3653,-5.0261,0.0208,-0.0586,-0.0281,20.12
2997428552700,204469,-0.4164,-8.3629,-5.0357,0.0195,-0.0586,-0.0281,20.15
2997440496000,204480,-0.4271,-8.3629,-5.0261,0.0171,-0.0586,-0.0281,20.15
2997450703500,204491,-0.4164,-8.3557,-5.0273,0.0159,-0.0586,-0.0281,20.14
2997462363600,204503,-0.4175,-8.3593,-5.0357,0.0171,-0.0599,-0.0281,20.14
2997473531000,204514,-0.4199,-8.3557,-5.0285,0.0183,-0.0586,-0.0281,20.12
2997484648300,204525,-0.4152,-8.3545,-5.0225,0.0195,-0.0599,-0.0293,20.13
2997495648300,204536,-0.4104,-8.3617,-5.0285,0.0171,-0.0586,-0.0281,20.13
2997507472700,204548,-0.4164,-8.3510,-5.0357,0.0171,-0.0599,-0.0281,20.16
2997518473400,204559,-0.4140,-8.3545,-5.0345,0.0183,-0.0586,-0.0281,20.16
2997529544700,204570,-0.4116,-8.3533,-5.0405,0.0195,-0.0586,-0.0281,20.12
2997541427700,204581,-0.4104,-8.3593,-5.0309,0.0195,-0.0586,-0.0293,20.12
2997552498500,204593,-0.4187,-8.3605,-5.0213,0.0183,-0.0586,-0.0293,20.11
2997563496500,204604,-0.4235,-8.3557,-5.0333,0.0171,-0.0586,-0.0281,20.11
2997574682000,204615,-0.4199,-8.3593,-5.0345,0.0171,-0.0586,-0.0293,20.11
2997586303200,204626,-0.4128,-8.3510,-5.0357,0.0183,-0.0586,-0.0281,20.13
2997597497100,204638,-0.4187,-8.3486,-5.0405,0.0183,-0.0586,-0.0281,20.13
2997608460500,204649,2.9779,-8.4778,-4.5464,-0.1405,-0.1881,-0.0147,20.11
2997620249000,204660,-1.4225,-8.9575,-6.6269,-0.0049,-0.3067,-0.0403,20.11
2997631472900,204672,-2.7063,-7.5075,-5.1027,1.1118,-0.1210,-0.0953,20.14
2997642415400,204684,-0.6090,-8.5328,-4.0187,0.9151,-0.1393,-0.0757,20.14
2997653694000,204695,-0.4642,-8.5292,-4.8670,0.2334,-0.0855,0.0061,20.14
2997665490200,204706,-0.7621,-8.5352,-5.7009,-0.2492,-0.0379,-0.0012,20.15
2997676956700,204718,-4.8144,-8.7996,-4.9005,0.5596,-0.0831,-0.0195,20.15
2997687641400,204729,-2.9575,-8.6201,-3.7364,0.8027,-0.2358,-0.1796,20.11
2997699529600,204740,-2.0231,-8.6788,-2.4574,-0.2663,-0.6976,-0.5143,20.11
2997710844700,204751,1.2036,-7.8772,-3.4792,-1.5687,-1.2608,-0.8112,20.16
2997721663500,204763,3.0497,-8.2289,-5.6758,-2.2578,-1.1118,-0.6756,20.16
2997733528800,204774,2.5017,-6.7573,-9.8142,-2.3750,-0.6585,-0.3787,20.14
2997744550200,204785,-4.1862,-5.3743,-7.7049,0.9236,1.8399,1.2608,20.12
2997756105100,204796,-1.8221,-6.3147,-5.6518,0.1747,0.9542,0.6243,20.12
2997767352700,204808,-4.1037,-4.9962,-5.7990,-1.9878,0.1588,0.0953,20.11
2997778460500,204819,-7.1079,-6.3182,-5.8086,-4.1820,-0.4423,-0.4191,20.11
2997789655200,204830,-6.8124,-8.7290,-6.4499,-5.1557,-0.8015,-0.8088,20.12
2997801447200,204841,-4.0965,-7.8269,-6.6461,-4.5131,-1.0653,-1.3537,20.12
2997812947100,204853,-0.0156,-7.5637,-8.9827,-3.0323,-1.7080,-2.0708,20.12
2997823688900,204864,3.7412,-7.5996,-10.3944,-0.6952,-2.6878,-2.9126,20.12
2997835494200,204875,3.6586,-5.8217,-7.6989,6.0708,-4.5754,-3.1814,20.12
2997846683200,204888,3.7089,-6.1866,-6.3996,6.7256,-5.0885,-3.2217,20.12
2997857653100,204899,4.6409,-10.2174,-3.5653,7.1459,-5.2693,-3.2926,20.12
2997869531800,204910,4.2736,-8.2564,-2.3964,6.8185,-5.3231,-2.8234,20.12
2997881014900,204921,3.8824,-9.2746,-2.3976,5.6908,-5.2205,-2.3824,20.12
2997891615400,204933,3.4851,-10.3884,-2.3007,5.5149,-5.1093,-2.0537,20.13
2997903526000,204944,2.5507,-10.4626,3.6981,6.3860,-4.9895,-1.7373,20.13
2997915065400,204955,-1.2299,-10.1886,1.4094,7.6138,-4.2577,-1.1924,20.10
2997925615100,204966,-0.2177,-9.2148,1.2634,6.4544,-3.7654,-1.0934,20.12
2997937429600,204978,-0.1986,-9.6072,1.1761,5.1569,-3.1728,-0.7208,20.12
2997949016100,204989,-0.0455,-8.7123,1.3101,3.7861,-2.6218,-0.3213,20.11
2997959633100,205000,2.0853,-7.4237,1.0540,2.4593,-2.1160,0.2639,20.11
2997971427800,205011,2.2504,-6.1005,0.7394,2.3848,-1.5137,1.3219,20.15
2997982928100,205023,-1.2742,-24.7202,0.2046,3.2376,-0.9041,2.6817,20.15
2997993556300,205034,3.5402,4.0666,0.2919,7.6102,-0.3677,0.3103,20.12
2998004834000,205045,-3.1238,-24.0598,5.2762,0.7257,0.2627,-0.8528,20.12
2998016916100,205057,0.5587,-4.6002,1.9992,5.8753,0.6585,-0.6500,20.12
2998027633400,205068,-2.1488,-10.7091,3.8512,5.0005,1.0751,-0.7868,20.14
2998039126600,205079,-2.2421,-8.5986,3.6203,5.5063,1.2547,-0.9701,20.14
2998050885900,205090,-4.3226,-10.6086,5.5801,3.5784,1.2828,-0.9444,20.12
2998061701400,205102,-1.3567,-6.8064,3.9446,-0.3946,1.1961,-0.4484,20.12
2998072916900,205114,-1.6965,-9.3954,3.1896,0.3506,0.9920,-0.5608,20.14
2998084541800,205125,-2.1200,-8.7338,3.0939,0.1454,0.6903,-0.3445,20.14
2998095592900,205136,-1.7695,-9.9075,2.9946,0.0354,0.4862,-0.2749,20.15
2998107053800,205148,-2.2648,-8.6572,4.5631,0.1295,0.5253,-0.2932,20.14
2998117785700,205159,-2.0578,-9.2255,3.7747,0.0684,0.3323,-0.1930,20.14
2998129541000,205170,-1.7563,-9.1848,3.6909,0.1600,0.1100,-0.0965,20.12
2998140749900,205181,-0.7525,-8.5005,4.5655,0.1417,-0.0574,-0.0232,20.12
2998151804200,205193,-0.6724,-9.4863,4.2162,-0.0452,-0.0623,-0.0440,20.12
2998163492300,205204,-0.7178,-8.8199,4.2891,0.0696,-0.0599,-0.0220,20.12
2998174560100,205215,-0.6999,-9.0018,4.3202,0.0330,-0.0611,-0.0281,20.16
2998185553500,205227,-0.6975,-8.9922,4.3023,0.0195,-0.0599,-0.0293,20.16
2998196819000,205238,-0.6963,-9.0592,4.3083,0.0024,-0.0586,-0.0318,20.16
2998208555000,205249,-0.7131,-8.9982,4.3286,0.0110,-0.0574,-0.0293,20.16
2998219625300,205260,-0.6832,-8.8810,4.3741,-0.0073,-0.0611,-0.0305,20.16
2998230811100,205272,-0.7202,-9.3033,4.2197,-0.0440,-0.0770,-0.0318,20.12
2998241749500,205283,-0.7023,-9.0185,4.2724,0.0269,-0.0586,-0.0244,20.12
2998253669200,205294,-0.6999,-9.0975,4.2843,0.0232,-0.0586,-0.0269,20.14
2998264770100,205305,-0.7059,-8.9982,4.3119,0.0220,-0.0586,-0.0281,20.13
2998275852600,205317,-0.6975,-9.1214,4.2736,0.0220,-0.0586,-0.0293,20.13
2998287561700,205328,-0.6999,-9.0042,4.3178,0.0476,-0.0586,-0.0244,20.12
2998298768200,205339,-0.7035,-9.0389,4.2963,0.0391,-0.0586,-0.0257,20.12
2998309678900,205350,-0.7059,-8.9755,4.3226,0.0367,-0.0586,-0.0257,20.12
2998320896700,205362,-0.7071,-9.0305,4.3107,0.0159,-0.0586,-0.0305,20.12
2998332541300,205373,-0.7083,-9.0317,4.3047,0.0073,-0.0586,-0.0305,20.14
2998343632500,205384,-0.7023,-9.0341,4.3047,0.0086,-0.0586,-0.0318,20.14
2998354729200,205395,-0.7023,-9.0652,4.2915,0.0110,-0.0574,-0.0305,20.12
2998365733700,205407,-0.7011,-9.0485,4.3011,0.0183,-0.0586,-0.0281,20.13
2998377567400,205418,-0.7023,-9.0329,4.2927,0.0232,-0.0586,-0.0281,20.13
2998388546300,205429,-0.7059,-9.0401,4.3059,0.0232,-0.0586,-0.0281,20.14
2998399695600,205441,-0.7107,-9.0485,4.2891,0.0244,-0.0586,-0.0281,20.14
2998410595600,205452,-0.7095,-9.0377,4.2975,0.0244,-0.0574,-0.0281,20.08
2998423234000,205463,-0.7047,-9.0138,4.2808,0.0244,-0.0574,-0.0269,20.08
2998433546200,205474,-0.6987,-8.9743,4.2532,0.0195,-0.0586,-0.0281,20.15
2998444830100,205486,-0.7035,-9.1071,4.3406,0.0171,-0.0586,-0.0293,20.13
2998456621100,205497,-0.7035,-8.9779,4.2700,0.0208,-0.0574,-0.0281,20.13
2998467522400,205508,-0.7047,-9.0760,4.3226,0.0171,-0.0586,-0.0293,20.14
2998478578900,205519,-0.7011,-9.0580,4.3131,0.0159,-0.0574,-0.0293,20.14
2998489631300,205531,-0.7035,-8.9862,4.2855,0.0195,-0.0574,-0.0293,20.11
2998501455900,205542,-0.7047,-9.1178,4.3143,0.0147,-0.0586,-0.0305,20.11
2998512450800,205553,-0.7095,-8.9839,4.2879,0.0257,-0.0586,-0.0269,20.14
2998523666800,205564,-0.6951,-9.0281,4.2987,0.0208,-0.0574,-0.0269,20.14
2998534608000,205576,-0.7011,-9.0221,4.2939,0.0232,-0.0586,-0.0281,20.09
2998546565000,205587,-0.6987,-9.0628,4.3143,0.0208,-0.0574,-0.0293,20.11
2998557578800,205598,-0.6987,-8.9934,4.2999,0.0220,-0.0586,-0.0281,20.11
2998568404400,205609,-0.7023,-9.0712,4.3023,0.0159,-0.0586,-0.0293,20.14
2998580167500,205621,-0.6999,-9.0066,4.2975,0.0195,-0.0586,-0.0281,20.14
2998591487700,205632,-0.7131,-9.0544,4.2987,0.0171,-0.0586,-0.0293,20.11
2998602487500,205643,-0.7119,-9.0365,4.2963,0.0195,-0.0574,-0.0281,20.11
2998614001300,205655,-0.7059,-9.0568,4.2963,0.0220,-0.0586,-0.0281,20.11
2998625295300,205666,-0.6987,-9.0317,4.3023,0.0232,-0.0586,-0.0281,20.15
2998636366800,205677,-0.6927,-9.0437,4.2999,0.0220,-0.0586,-0.0293,20.15
2998647546200,205688,-0.6987,-9.0365,4.3059,0.0220,-0.0574,-0.0281,20.10
2998658690200,205700,-0.7059,-9.0353,4.3023,0.0195,-0.0574,-0.0281,20.10
2998670467700,205711,-0.7095,-9.0401,4.3095,0.0183,-0.0586,-0.0281,20.14
2998681792700,205722,-0.7119,-9.0401,4.3035,0.0183,-0.0586,-0.0281,20.14
2998692538800,205733,-0.7047,-9.0425,4.3059,0.0195,-0.0586,-0.0281,20.13
2998703547400,205745,-0.7035,-9.0353,4.3107,0.0208,-0.0586,-0.0281,20.11
2998715493100,205756,-0.7035,-9.0413,4.3083,0.0208,-0.0586,-0.0281,20.11
2998726573400,205767,-0.6999,-9.0329,4.2999,0.0220,-0.0586,-0.0281,20.10
2998738008600,205778,-0.6975,-9.0377,4.3023,0.0195,-0.0586,-0.0281,20.10
2998748556700,205790,-0.7023,-9.0389,4.2975,0.0208,-0.0586,-0.0293,20.09
2998760773400,205801,-0.7095,-9.0449,4.2987,0.0195,-0.0586,-0.0293,20.09
2998771548000,205812,-0.6963,-9.0437,4.2915,0.0183,-0.0586,-0.0293,20.11
2998782562200,205824,-0.7011,-9.0497,4.2975,0.0183,-0.0586,-0.0281,20.11
2998794295600,205835,-0.7047,-9.0329,4.2987,0.0195,-0.0586,-0.0281,20.10
2998805538800,205846,-0.7023,-9.0437,4.3035,0.0208,-0.0586,-0.0293,20.11
2998816614800,205857,-0.6951,-9.0317,4.2963,0.0208,-0.0586,-0.0281,20.11
2998827728000,205869,-0.7083,-9.0365,4.2951,0.0208,-0.0586,-0.0281,20.10
2998839449400,205880,-0.7047,-9.0353,4.3095,0.0208,-0.0586,-0.0281,20.10
2998850486500,205891,-0.7035,-9.0413,4.2975,0.0208,-0.0586,-0.0281,20.17
2998861538500,205902,-0.7011,-9.0377,4.2927,0.0208,-0.0586,-0.0281,20.17
2998872537400,205914,-0.6975,-9.0497,4.2903,0.0195,-0.0586,-0.0281,20.10
2998885205900,205925,-0.7023,-9.0353,4.2987,0.0208,-0.0586,-0.0293,20.14
2998895409200,205936,-0.7023,-9.0437,4.2963,0.0208,-0.0586,-0.0293,20.14
2998906582200,205947,-0.7107,-9.0341,4.3047,0.0208,-0.0586,-0.0293,20.10
2998917627400,205959,-0.7047,-9.0485,4.3047,0.0208,-0.0586,-0.0293,20.10
2998929521200,205970,-0.7095,-9.0377,4.3131,0.0208,-0.0599,-0.0281,20.11
2998941091300,205981,-0.7178,-9.0353,4.3131,0.0195,-0.0586,-0.0293,20.11
2998951673500,205992,-0.7119,-9.0281,4.3095,0.0208,-0.0586,-0.0293,20.10
2998962875700,206004,-0.7035,-8.9898,4.3095,0.0183,-0.0586,-0.0293,20.10
2998979508200,206015,-0.6963,-9.0879,4.2939,0.0159,-0.0586,-0.0293,20.11
2998986010500,206026,-0.6975,-9.0078,4.2975,0.0232,-0.0586,-0.0281,20.12
2998997505300,206038,-0.6891,-9.0664,4.2796,0.0183,-0.0586,-0.0293,20.12
2999008322300,206049,-0.6963,-9.0341,4.2927,0.0220,-0.0586,-0.0281,20.11
2999019354100,206060,-0.6987,-9.0473,4.3023,0.0195,-0.0586,-0.0281,20.11
2999030437900,206071,-0.7083,-9.0341,4.3143,0.0208,-0.0586,-0.0281,20.18
2999041454600,206083,-0.6987,-9.0281,4.3167,0.0195,-0.0586,-0.0293,20.18
2999053504600,206094,-0.6903,-9.0341,4.3035,0.0208,-0.0586,-0.0281,20.12
2999065025500,206105,-0.7035,-9.0449,4.2891,0.0195,-0.0586,-0.0281,20.12
2999075596600,206116,-0.6975,-9.0317,4.2915,0.0208,-0.0599,-0.0293,20.12
2999086683000,206128,-0.6939,-9.0628,4.2939,0.0195,-0.0586,-0.0293,20.14
2999098351900,206139,-0.6999,-9.0042,4.2915,0.0208,-0.0586,-0.0293,20.14
2999109484000,206150,-0.7083,-9.0855,4.2843,0.0159,-0.0586,-0.0293,20.08
2999121076200,206161,-0.7226,-8.9874,4.3047,0.0244,-0.0586,-0.0281,20.08
2999131853900,206173,-0.7119,-9.0867,4.2832,0.0171,-0.0586,-0.0293,20.15
2999143570100,206184,-0.7071,-9.0760,4.2975,0.0244,-0.0586,-0.0293,20.15
2999154756100,206195,-0.7023,-9.0174,4.2999,0.0220,-0.0599,-0.0281,20.14
2999165661100,206206,-0.6736,-9.0532,4.2987,0.0183,-0.0586,-0.0281,20.10
2999176887500,206218,-0.6748,-9.0413,4.2927,0.0208,-0.0586,-0.0293,20.10
2999188963700,206229,-0.6736,-9.0413,4.2975,0.0208,-0.0586,-0.0293,20.13
2999199647900,206240,-0.6975,-9.0425,4.3011,0.0195,-0.0586,-0.0293,20.13
2999210852500,206252,-0.7095,-9.0209,4.3047,0.0208,-0.0574,-0.0281,20.10
2999222828300,206263,-0.7214,-9.0401,4.2927,0.0195,-0.0586,-0.0293,20.10
2999233425300,206274,-0.7095,-9.0437,4.2951,0.0208,-0.0586,-0.0293,20.12
2999244576800,206285,-0.7011,-9.0341,4.2951,0.0195,-0.0599,-0.0293,20.11
2999255511800,206297,-0.6987,-9.0461,4.2915,0.0195,-0.0586,-0.0293,20.11
2999267538600,206308,-0.6843,-9.0509,4.2939,0.0195,-0.0586,-0.0281,20.09
2999278574300,206319,-0.6867,-9.0353,4.2999,0.0208,-0.0586,-0.0281,20.09
2999289536100,206330,-0.6927,-9.0425,4.2963,0.0208,-0.0574,-0.0293,20.14
2999300773300,206342,-0.6963,-9.0389,4.2832,0.0208,-0.0586,-0.0281,20.14
2999312519100,206353,-0.7059,-9.0389,4.3047,0.0208,-0.0586,-0.0281,20.12
2999323645100,206364,-0.7119,-9.0353,4.3023,0.0208,-0.0586,-0.0293,20.12
2999334750500,206375,-0.7131,-9.0377,4.3011,0.0195,-0.0574,-0.0293,20.12
2999345664100,206387,-0.6939,-9.0377,4.2987,0.0208,-0.0574,-0.0281,20.13
2999357543800,206398,-0.6832,-9.0461,4.2867,0.0195,-0.0586,-0.0281,20.13
2999368928700,206409,-0.6855,-9.0329,4.3059,0.0195,-0.0586,-0.0281,20.15
2999379573000,206420,-0.6975,-9.0425,4.2987,0.0208,-0.0599,-0.0281,20.15
2999391271600,206432,-0.7143,-9.0365,4.3071,0.0208,-0.0586,-0.0281,20.12
2999402414900,206443,-0.7119,-9.0329,4.2975,0.0195,-0.0586,-0.0293,20.12
2999413659200,206454,-0.7023,-9.0413,4.2951,0.0195,-0.0586,-0.0281,20.12
2999424618700,206466,-0.6987,-9.0401,4.2999,0.0195,-0.0586,-0.0281,20.10
2999436400400,206477,-0.7023,-9.0413,4.2999,0.0195,-0.0586,-0.0281,20.10
2999447386300,206488,-0.6855,-9.0485,4.2927,0.0208,-0.0586,-0.0293,20.12
2999458890000,206499,-0.6939,-9.0461,4.2975,0.0208,-0.0586,-0.0281,20.12
2999469545500,206511,-0.7011,-9.0269,4.2999,0.0208,-0.0586,-0.0281,20.12
2999481506800,206522,-0.7023,-9.0401,4.2975,0.0208,-0.0574,-0.0293,20.12
2999492615500,206533,-0.7119,-9.0389,4.3011,0.0195,-0.0586,-0.0281,20.11
2999503694700,206544,-0.7107,-9.0329,4.2939,0.0208,-0.0586,-0.0293,20.16
2999514694500,206556,-0.7071,-9.0377,4.3071,0.0195,-0.0586,-0.0281,20.16
2999526537300,206567,-0.7023,-9.0401,4.3071,0.0195,-0.0574,-0.0281,20.09
2999537687000,206578,-0.6975,-9.0377,4.3023,0.0208,-0.0586,-0.0281,20.09
2999548759800,206589,-0.7083,-9.0413,4.3047,0.0208,-0.0586,-0.0281,20.13
2999559774500,206601,-0.6939,-9.0401,4.2939,0.0208,-0.0574,-0.0281,20.13
2999571668700,206612,-0.7011,-9.0425,4.3011,0.0208,-0.0574,-0.0281,20.13
2999582877900,206623,-0.7011,-9.0461,4.2927,0.0208,-0.0586,-0.0281,20.13
2999593811400,206635,-0.6987,-9.0305,4.2963,0.0208,-0.0586,-0.0281,20.09
2999605562600,206646,-0.7035,-9.0413,4.2891,0.0195,-0.0586,-0.0281,20.09
2999616638300,206657,-0.6975,-9.0353,4.2999,0.0195,-0.0586,-0.0281,20.09
2999627716700,206668,-0.6963,-9.0389,4.3011,0.0195,-0.0586,-0.0293,20.11
2999638898800,206680,-0.7047,-9.0377,4.3059,0.0195,-0.0586,-0.0281,20.11
2999650543900,206691,-0.7083,-9.0365,4.2987,0.0195,-0.0586,-0.0281,20.12
2999661684200,206702,-0.6963,-9.0341,4.3035,0.0195,-0.0599,-0.0281,20.12
2999672738000,206713,-0.6999,-9.0329,4.2915,0.0195,-0.0586,-0.0281,20.13
2999683769300,206725,-0.7047,-9.0425,4.2999,0.0195,-0.0586,-0.0293,20.09
2999695593800,206736,-0.6975,-9.0305,4.2939,0.0195,-0.0586,-0.0281,20.09
2999706636600,206747,-0.6867,-9.0389,4.2987,0.0208,-0.0599,-0.0281,20.14
2999717738500,206758,-0.6987,-9.0329,4.3035,0.0208,-0.0586,-0.0293,20.14
2999728795000,206770,-0.7059,-9.0353,4.2951,0.0208,-0.0574,-0.0281,20.14
2999740576600,206781,-0.7023,-9.0520,4.2987,0.0195,-0.0574,-0.0281,20.14
2999751636400,206792,-0.7011,-9.0329,4.2915,0.0208,-0.0574,-0.0293,20.14
2999762685600,206803,-0.7047,-9.0413,4.2999,0.0195,-0.0586,-0.0293,20.14
2999773668100,206815,-0.7011,-9.0401,4.2939,0.0195,-0.0574,-0.0281,20.12
2999785609700,206826,-0.6963,-9.0377,4.2987,0.0208,-0.0574,-0.0281,20.14
2999796678700,206837,-0.6975,-9.0365,4.3083,0.0208,-0.0586,-0.0281,20.14
2999807782700,206849,-0.7083,-9.0138,4.2879,0.0208,-0.0586,-0.0281,20.14
